Category,Term,Count,%,PValue,Genes,List Total,Pop Hits,Pop Total,Fold Enrichment,Bonferroni,Benjamini,FDR
GOTERM_BP_DIRECT,GO:0018108~peptidyl-tyrosine phosphorylation,23,15.6462585,5.66E-20,"P36507, P09769, P54760, P51692, P07948, P09619, P04629, Q02750, P10721, P12931, P30530, P36888, P54756, Q06187, P16234, P11274, P00519, P06241, P29317, P42684, P07333, P09038, Q9UM73",144,184,18089,15.70225694,1.02E-16,1.02E-16,9.47E-17
GOTERM_BP_DIRECT,GO:0042493~response to drug,27,18.36734694,1.34E-17,"P28223, P06239, P06858, P29274, P07948, P11802, P14416, P04818, P12931, P17405, P41595, P21728, P35462, P08183, P04083, P06241, P31645, P28335, P13637, P04629, P35348, P00519, P23975, P05362, P42574, P05023, Q01959",144,371,18089,9.142014825,2.41E-14,1.21E-14,1.12E-14
GOTERM_BP_DIRECT,GO:0070374~positive regulation of ERK1 and ERK2 cascade,18,12.24489796,2.09E-13,"P09429, P28335, P36507, P28223, P09619, P14416, P04629, Q02750, P12931, P35348, P16234, P00519, P41595, P35372, P05362, P07333, P09038, P01375",144,193,18089,11.71567358,3.76E-10,1.23E-10,1.15E-10
GOTERM_BP_DIRECT,GO:0007169~transmembrane receptor protein tyrosine kinase signaling pathway,15,10.20408163,2.74E-13,"P06239, P09769, P07947, P07948, P04629, P10721, Q08345, P36888, Q06187, P41240, P06241, P42684, P42685, P07333, Q9UM73",144,113,18089,16.67496313,4.93E-10,1.23E-10,1.15E-10
GOTERM_BP_DIRECT,GO:0038083~peptidyl-tyrosine autophosphorylation,12,8.163265306,4.54E-13,"P00519, P06239, P09769, P07947, P41240, P07948, P06241, P12931, P42684, Q08345, P42685, Q06187",144,55,18089,27.40757576,8.16E-10,1.63E-10,1.52E-10
GOTERM_BP_DIRECT,GO:0001975~response to amphetamine,10,6.802721088,1.62E-11,"P00492, P0DP23, P21728, P35462, P29274, P14416, P05362, P21918, Q05940, P21917",144,39,18089,32.20975783,2.91E-08,4.86E-09,4.52E-09
GOTERM_BP_DIRECT,GO:0046777~protein autophosphorylation,16,10.88435374,8.53E-10,"P09769, P54760, P07948, P09619, P04629, P10721, P12931, Q08345, P36888, P16234, P42345, P11274, P00519, P41240, P07333, Q9UM73",144,242,18089,8.305325987,1.53E-06,2.19E-07,2.04E-07
GOTERM_BP_DIRECT,GO:0007200~phospholipase C-activating G-protein coupled receptor signaling pathway,10,6.802721088,1.78E-09,"P28335, P41145, P28223, P41595, P41143, P35372, P35368, P35367, P03372, P35348",144,64,18089,19.62782118,3.20E-06,4.00E-07,3.73E-07
GOTERM_BP_DIRECT,GO:0007165~signal transduction,32,21.76870748,3.06E-09,"O75469, P11229, P49069, P07948, P11802, P12931, P17405, P10275, P42345, P11274, O60760, P04083, Q92731, P03372, P42684, Q15125, P07333, P09038, P06401, Q16539, P28472, P09619, Q02750, P10721, P30530, P35348, P20309, P08173, P04150, P01189, P08235, Q9UM73",144,1193,18089,3.369470057,5.50E-06,6.11E-07,5.68E-07
GOTERM_BP_DIRECT,GO:0007268~chemical synaptic transmission,15,10.20408163,8.20E-09,"P31645, P34969, P28335, P28223, O75311, P50406, Q05940, P21918, P08908, P54219, P41145, P41595, P41143, P35372, P23975",144,243,18089,7.75420096,1.47E-05,1.47E-06,1.37E-06
GOTERM_BP_DIRECT,GO:0008542~visual learning,9,6.12244898,1.49E-08,"P25021, P42345, P21728, P35462, P13637, P14416, P35367, P10721, P50993",144,57,18089,19.83442982,2.68E-05,2.44E-06,2.27E-06
GOTERM_BP_DIRECT,GO:0043552~positive regulation of phosphatidylinositol 3-kinase activity,8,5.442176871,1.71E-08,"P16234, P09769, P07948, P09619, P10721, P12931, P36888, P09038",144,38,18089,26.44590643,3.08E-05,2.56E-06,2.39E-06
GOTERM_BP_DIRECT,GO:0010863~positive regulation of phospholipase C activity,6,4.081632653,2.18E-08,"P16234, P09619, P03372, P10721, P42684, P09038",144,12,18089,62.80902778,3.92E-05,3.02E-06,2.81E-06
GOTERM_BP_DIRECT,GO:0042220~response to cocaine,8,5.442176871,4.23E-08,"P42345, P35462, P35372, P14416, P21918, P17405, P50135, Q01959",144,43,18089,23.37080103,7.60E-05,5.43E-06,5.05E-06
GOTERM_BP_DIRECT,GO:0042127~regulation of cell proliferation,14,9.523809524,5.13E-08,"O95259, P06239, P09769, P07947, P10721, P12931, Q06187, Q9BYF1, P00519, P41240, P04083, P06241, P42684, P01375",144,237,18089,7.420475856,9.22E-05,6.14E-06,5.72E-06
GOTERM_BP_DIRECT,GO:0007197~adenylate cyclase-inhibiting G-protein coupled acetylcholine receptor signaling pathway,5,3.401360544,5.55E-08,"P08912, P11229, P20309, P08172, P08173",144,6,18089,104.681713,9.98E-05,6.24E-06,5.80E-06
GOTERM_BP_DIRECT,GO:0006614~SRP-dependent cotranslational protein targeting to membrane,10,6.802721088,6.77E-08,"P61927, P62750, P84098, P39023, P62917, P62829, P40429, P61313, P62913, Q9UNX3",144,96,18089,13.08521412,1.22E-04,6.88E-06,6.40E-06
GOTERM_BP_DIRECT,"GO:0007187~G-protein coupled receptor signaling pathway, coupled to cyclic nucleotide second messenger",8,5.442176871,6.89E-08,"P34969, P25021, P41143, P21728, P08172, P35372, P04083, P50406",144,46,18089,21.84661836,1.24E-04,6.88E-06,6.40E-06
GOTERM_BP_DIRECT,GO:0043406~positive regulation of MAP kinase activity,9,6.12244898,7.82E-08,"P28223, P41595, P41240, P09619, P10721, P12931, P36888, P09038, P01375",144,70,18089,16.15089286,1.41E-04,7.40E-06,6.89E-06
GOTERM_BP_DIRECT,GO:0007626~locomotory behavior,10,6.802721088,9.67E-08,"P28335, P41145, P00492, P35462, P29274, O60760, P35372, P14416, Q05940, Q01959",144,100,18089,12.56180556,1.74E-04,8.70E-06,8.09E-06
GOTERM_BP_DIRECT,GO:0007207~phospholipase C-activating G-protein coupled acetylcholine receptor signaling pathway,5,3.401360544,1.29E-07,"P08912, P11229, P20309, P08172, P08173",144,7,18089,89.72718254,2.31E-04,1.10E-05,1.03E-05
GOTERM_BP_DIRECT,"GO:0001963~synaptic transmission, dopaminergic",6,4.081632653,2.27E-07,"P21728, P35462, P29274, P14416, P21918, P21917",144,18,18089,41.87268519,4.08E-04,1.86E-05,1.73E-05
GOTERM_BP_DIRECT,GO:0048015~phosphatidylinositol-mediated signaling,10,6.802721088,2.58E-07,"P16234, P42345, O95259, P06239, P09619, P06241, P04629, P10721, P07333, P09038",144,112,18089,11.21589782,4.64E-04,2.02E-05,1.88E-05
GOTERM_BP_DIRECT,GO:0019083~viral transcription,10,6.802721088,2.78E-07,"P61927, P62750, P84098, P39023, P62917, P62829, P40429, P61313, P62913, Q9UNX3",144,113,18089,11.11664208,5.00E-04,2.09E-05,1.94E-05
GOTERM_BP_DIRECT,GO:0045087~innate immune response,17,11.56462585,3.78E-07,"P09429, P06239, P09769, P07947, Q9UM07, P07948, P12931, P30530, Q06187, P00519, P00748, P41240, P04083, P06241, P42684, P42685, P07333",144,437,18089,4.88674358,6.80E-04,2.72E-05,2.53E-05
GOTERM_BP_DIRECT,GO:0015844~monoamine transport,5,3.401360544,4.58E-07,"P31645, P23975, Q05940, P54219, Q01959",144,9,18089,69.78780864,8.22E-04,3.16E-05,2.94E-05
GOTERM_BP_DIRECT,GO:0048148~behavioral response to cocaine,6,4.081632653,8.64E-07,"P41145, P28223, P21728, P35462, P14416, P21917",144,23,18089,32.76992754,0.001551551,5.75E-05,5.35E-05
GOTERM_BP_DIRECT,"GO:0000184~nuclear-transcribed mRNA catabolic process, nonsense-mediated decay",10,6.802721088,9.16E-07,"P61927, P62750, P84098, P39023, P62917, P62829, P40429, P61313, P62913, Q9UNX3",144,130,18089,9.66292735,0.00164634,5.88E-05,5.48E-05
GOTERM_BP_DIRECT,GO:0045907~positive regulation of vasoconstriction,7,4.761904762,1.05E-06,"P25021, P00519, P28223, P35368, P35367, P05362, P35348",144,43,18089,20.4494509,0.00189093,6.31E-05,5.87E-05
GOTERM_BP_DIRECT,GO:0051209~release of sequestered calcium ion into cytosol,7,4.761904762,1.05E-06,"P28335, P28223, P06239, P41595, P14416, P09038, P62942",144,43,18089,20.4494509,0.00189093,6.31E-05,5.87E-05
GOTERM_BP_DIRECT,GO:0007210~serotonin receptor signaling pathway,5,3.401360544,1.76E-06,"P28335, P28223, P41595, P50406, P08908",144,12,18089,52.34085648,0.003167751,1.02E-04,9.52E-05
GOTERM_BP_DIRECT,GO:0006412~translation,13,8.843537415,2.82E-06,"P61927, P62829, P62917, Q96L21, P55769, Q9UHA3, P62750, P84098, P39023, P40429, P61313, P62913, Q9UNX3",144,285,18089,5.729946394,0.00505325,1.58E-04,1.47E-04
GOTERM_BP_DIRECT,GO:0006413~translational initiation,10,6.802721088,3.19E-06,"P61927, P62750, P84098, P39023, P62917, P62829, P40429, P61313, P62913, Q9UNX3",144,151,18089,8.319076527,0.005721652,1.74E-04,1.62E-04
GOTERM_BP_DIRECT,GO:0046651~lymphocyte proliferation,4,2.721088435,4.78E-06,"P00492, P20839, P36888, P12268",144,5,18089,100.4944444,0.008561312,2.53E-04,2.35E-04
GOTERM_BP_DIRECT,GO:0008283~cell proliferation,15,10.20408163,5.15E-06,"P08912, P11229, P48551, P35368, P04818, P08908, P12931, P10275, P62750, P20309, P08173, Q9NYL2, P40238, P07333, Q9UM73",144,413,18089,4.562399112,0.009208915,2.64E-04,2.46E-04
GOTERM_BP_DIRECT,GO:0060134~prepulse inhibition,5,3.401360544,6.33E-06,"P21728, P35462, P29274, P14416, Q01959",144,16,18089,39.25564236,0.011317359,3.08E-04,2.86E-04
GOTERM_BP_DIRECT,GO:0042417~dopamine metabolic process,5,3.401360544,6.33E-06,"P00492, P21728, P35462, P14416, P21917",144,16,18089,39.25564236,0.011317359,3.08E-04,2.86E-04
GOTERM_BP_DIRECT,"GO:0007271~synaptic transmission, cholinergic",6,4.081632653,6.66E-06,"P08912, P11229, P20309, P29274, P08172, P08173",144,34,18089,22.16789216,0.011901472,3.15E-04,2.93E-04
GOTERM_BP_DIRECT,GO:0008284~positive regulation of cell proliferation,17,11.56462585,6.94E-06,"O15392, P28223, P11229, P07948, P09619, P11802, P10721, P08908, P10275, P36888, P16234, P41595, P35462, P00734, P08887, P07333, P09038",144,547,18089,3.904034633,0.01240691,3.20E-04,2.98E-04
GOTERM_BP_DIRECT,GO:0045471~response to ethanol,9,6.12244898,9.56E-06,"P41145, P35462, P06241, P04629, P61313, P05362, P04818, P09211, Q01959",144,131,18089,8.630248092,0.017047839,4.30E-04,4.00E-04
GOTERM_BP_DIRECT,GO:0048013~ephrin receptor signaling pathway,8,5.442176871,1.03E-05,"P07947, P54760, P07948, P06241, P04629, P12931, P29317, P54756",144,95,18089,10.57836257,0.018350399,4.37E-04,4.06E-04
GOTERM_BP_DIRECT,GO:0006939~smooth muscle contraction,5,3.401360544,1.05E-05,"P34969, P28223, P41595, P20309, P35348",144,18,18089,34.89390432,0.018725103,4.37E-04,4.06E-04
GOTERM_BP_DIRECT,GO:0007213~G-protein coupled acetylcholine receptor signaling pathway,5,3.401360544,1.05E-05,"P08912, P11229, P20309, P08172, P08173",144,18,18089,34.89390432,0.018725103,4.37E-04,4.06E-04
GOTERM_BP_DIRECT,GO:0071222~cellular response to lipopolysaccharide,9,6.12244898,1.07E-05,"Q16539, P41145, P00519, P05362, P45983, P09211, P12931, P30530, P01375",144,133,18089,8.500469925,0.019027243,4.37E-04,4.06E-04
GOTERM_BP_DIRECT,GO:0043200~response to amino acid,6,4.081632653,1.33E-05,"P42345, P07948, O75311, P05362, P09211, P42574",144,39,18089,19.3258547,0.023713755,5.33E-04,4.96E-04
GOTERM_BP_DIRECT,GO:0007204~positive regulation of cytosolic calcium ion concentration,9,6.12244898,1.64E-05,"P09429, P16234, P00519, P35372, P35368, P03372, P42684, P35348, O00555",144,141,18089,8.018173759,0.028996311,6.40E-04,5.95E-04
GOTERM_BP_DIRECT,GO:0009636~response to toxic substance,8,5.442176871,2.39E-05,"P31645, P07948, P09619, P11802, P14416, Q05940, P04818, P09211",144,108,18089,9.305041152,0.042004803,9.13E-04,8.50E-04
GOTERM_BP_DIRECT,GO:0015872~dopamine transport,4,2.721088435,2.63E-05,"P08912, P21728, Q05940, Q01959",144,8,18089,62.80902778,0.046215355,9.86E-04,9.17E-04
GOTERM_BP_DIRECT,GO:0006367~transcription initiation from RNA polymerase II promoter,9,6.12244898,3.39E-05,"O75469, P62508, Q92570, Q92731, P04150, P03372, P10275, P08235, P06401",144,156,18089,7.247195513,0.059205166,0.001245493,0.001158904
GOTERM_BP_DIRECT,GO:0000027~ribosomal large subunit assembly,5,3.401360544,3.52E-05,"P62750, P39023, Q96L21, P62913, Q9UHA3",144,24,18089,26.17042824,0.061305061,0.001265272,0.001177308
GOTERM_BP_DIRECT,GO:0006364~rRNA processing,11,7.482993197,3.59E-05,"P61927, P62750, P84098, P39023, P62917, P62829, P40429, P61313, P62913, P55769, Q9UNX3",144,255,18089,5.418818083,0.062566695,0.001266833,0.001178761
GOTERM_BP_DIRECT,GO:0031295~T cell costimulation,7,4.761904762,4.70E-05,"P42345, P06239, P07947, P41240, P07948, P06241, P12931",144,82,18089,10.72349255,0.08096807,0.001623701,0.001510818
GOTERM_BP_DIRECT,GO:0014068~positive regulation of phosphatidylinositol 3-kinase signaling,7,4.761904762,5.03E-05,"P16234, P09769, P00734, P09619, P06241, P10721, P36888",144,83,18089,10.59429384,0.086459093,0.001706129,0.001587516
GOTERM_BP_DIRECT,GO:0050900~leukocyte migration,8,5.442176871,5.51E-05,"P06239, P07947, P62937, P00734, P07948, P06241, P05362, P12931",144,123,18089,8.170280036,0.094321986,0.001834606,0.001707061
GOTERM_BP_DIRECT,GO:0000187~activation of MAPK activity,8,5.442176871,5.80E-05,"Q16539, P36507, Q02750, P21917, P10721, P09038, P01375, Q9UM73",144,124,18089,8.104390681,0.099056838,0.001896547,0.001764696
GOTERM_BP_DIRECT,GO:0008285~negative regulation of cell proliferation,14,9.523809524,6.12E-05,"P29274, P07948, P14416, P04629, Q02750, Q08345, P10275, P35348, P41240, Q00534, P35372, P42685, P07333, P09038",144,451,18089,3.899451835,0.104273305,0.001966367,0.001829662
GOTERM_BP_DIRECT,GO:0043114~regulation of vascular permeability,4,2.721088435,7.62E-05,"P11274, P07947, P35367, P12931",144,11,18089,45.67929293,0.128039833,0.002362178,0.002197955
GOTERM_BP_DIRECT,GO:0050966~detection of mechanical stimulus involved in sensory perception of pain,4,2.721088435,7.62E-05,"P28223, P06241, P04629, P35498",144,11,18089,45.67929293,0.128039833,0.002362178,0.002197955
GOTERM_BP_DIRECT,GO:0042053~regulation of dopamine metabolic process,4,2.721088435,1.01E-04,"P21728, P08908, P21917, Q01959",144,12,18089,41.87268519,0.166087392,0.003027907,0.002817401
GOTERM_BP_DIRECT,GO:0042060~wound healing,7,4.761904762,1.01E-04,"P16234, P42345, P09619, P35372, P21918, P42574, P09038",144,94,18089,9.354536052,0.166134842,0.003027907,0.002817401
GOTERM_BP_DIRECT,GO:0031100~organ regeneration,6,4.081632653,1.11E-04,"P11802, Q92570, Q06203, P09211, P30530, P36888",144,60,18089,12.56180556,0.180684755,0.003266808,0.003039694
GOTERM_BP_DIRECT,GO:0006874~cellular calcium ion homeostasis,7,4.761904762,1.50E-04,"P28335, P28223, P41595, P35462, P14416, P21918, P21917",144,101,18089,8.70620187,0.236850744,0.004359376,0.004056305
GOTERM_BP_DIRECT,GO:0050709~negative regulation of protein secretion,4,2.721088435,1.65E-04,"P35462, P04083, P14416, P21917",144,14,18089,35.89087302,0.256994198,0.004641045,0.004318392
GOTERM_BP_DIRECT,GO:0007191~adenylate cyclase-activating dopamine receptor signaling pathway,4,2.721088435,1.65E-04,"P21728, P35462, P35372, P21918",144,14,18089,35.89087302,0.256994198,0.004641045,0.004318392
GOTERM_BP_DIRECT,GO:0034776~response to histamine,3,2.040816327,1.85E-04,"P35462, P14416, P21917",144,3,18089,125.6180556,0.283264567,0.005045722,0.004694935
GOTERM_BP_DIRECT,GO:0006837~serotonin transport,3,2.040816327,1.85E-04,"P31645, Q05940, P54219",144,3,18089,125.6180556,0.283264567,0.005045722,0.004694935
GOTERM_BP_DIRECT,GO:0043410~positive regulation of MAPK cascade,7,4.761904762,1.96E-04,"P09429, P35368, P10721, P08887, P10275, P36888, P35348",144,106,18089,8.295531971,0.296927863,0.005257631,0.004892111
GOTERM_BP_DIRECT,GO:0050731~positive regulation of peptidyl-tyrosine phosphorylation,7,4.761904762,2.17E-04,"P42345, P00519, P28223, P07947, P05362, P12931, P08887",144,108,18089,8.141911008,0.323022424,0.005736394,0.00533759
GOTERM_BP_DIRECT,GO:0048146~positive regulation of fibroblast proliferation,6,4.081632653,2.31E-04,"P16234, P00519, Q00534, P09619, P11802, P03372",144,70,18089,10.7672619,0.339387192,0.00600782,0.005590146
GOTERM_BP_DIRECT,GO:0071383~cellular response to steroid hormone stimulus,4,2.721088435,2.51E-04,"P13637, P04150, P05023, P50993",144,16,18089,31.40451389,0.363487879,0.006452787,0.006004178
GOTERM_BP_DIRECT,GO:0007628~adult walking behavior,5,3.401360544,3.32E-04,"P21728, P10636, P14416, P35498, O00555",144,42,18089,14.95453042,0.449473852,0.008405377,0.007821021
GOTERM_BP_DIRECT,GO:0007613~memory,6,4.081632653,3.39E-04,"P31645, P25021, P28223, P21728, P13637, P35367",144,76,18089,9.917214912,0.456295473,0.008461751,0.007873476
GOTERM_BP_DIRECT,GO:0009615~response to virus,7,4.761904762,3.66E-04,"P09769, P08172, Q00534, P48551, P12931, P17181, P01375",144,119,18089,7.389297386,0.482670983,0.008834346,0.008220168
GOTERM_BP_DIRECT,GO:0010513~positive regulation of phosphatidylinositol biosynthetic process,3,2.040816327,3.69E-04,"P28335, P28223, P41595",144,4,18089,94.21354167,0.484541294,0.008834346,0.008220168
GOTERM_BP_DIRECT,GO:0001994~norepinephrine-epinephrine vasoconstriction involved in regulation of systemic arterial blood pressure,3,2.040816327,3.69E-04,"P35368, P21918, P35348",144,4,18089,94.21354167,0.484541294,0.008834346,0.008220168
GOTERM_BP_DIRECT,GO:0032355~response to estradiol,7,4.761904762,3.83E-04,"P31645, P51692, P09619, P04083, P03372, P09211, P42574",144,120,18089,7.327719907,0.498080532,0.009068204,0.008437767
GOTERM_BP_DIRECT,GO:0043524~negative regulation of neuron apoptotic process,8,5.442176871,3.94E-04,"O15392, P29274, P28472, Q92570, P06241, P04629, P30530, O00555",144,169,18089,5.946416831,0.507691189,0.009201422,0.008561723
GOTERM_BP_DIRECT,GO:0014066~regulation of phosphatidylinositol 3-kinase signaling,6,4.081632653,4.06E-04,"P16234, P06239, P09619, P06241, P10721, P09038",144,79,18089,9.540611814,0.517814772,0.009349731,0.008699722
GOTERM_BP_DIRECT,GO:0071902~positive regulation of protein serine/threonine kinase activity,5,3.401360544,4.34E-04,"P36507, P0DP23, Q02750, P12931, P07333",144,45,18089,13.95756173,0.541654505,0.009872947,0.009186563
GOTERM_BP_DIRECT,GO:0042310~vasoconstriction,4,2.721088435,5.00E-04,"P31645, P34969, P41595, P08908",144,20,18089,25.12361111,0.592895203,0.011230751,0.01044997
GOTERM_BP_DIRECT,GO:0043401~steroid hormone mediated signaling pathway,6,4.081632653,5.10E-04,"O75469, P62508, Q92570, P03372, P08235, P06401",144,83,18089,9.080823293,0.600015281,0.011248376,0.01046637
GOTERM_BP_DIRECT,GO:0007193~adenylate cyclase-inhibiting G-protein coupled receptor signaling pathway,5,3.401360544,5.13E-04,"P28335, P41145, P28223, P41595, P41143",144,47,18089,13.36362293,0.602517144,0.011248376,0.01046637
GOTERM_BP_DIRECT,GO:0006468~protein phosphorylation,15,10.20408163,5.57E-04,"O15392, P06239, P09769, P07948, P11802, P04629, Q06187, P42345, P11274, P41240, Q00534, P06241, Q9NYL2, P45983, P42685",144,640,18089,2.944173177,0.632701313,0.012063867,0.011225167
GOTERM_BP_DIRECT,GO:0050482~arachidonic acid secretion,4,2.721088435,5.80E-04,"P35462, P04083, P14416, P21917",144,21,18089,23.92724868,0.647412451,0.012260637,0.011408257
GOTERM_BP_DIRECT,GO:0019229~regulation of vasoconstriction,4,2.721088435,5.80E-04,"Q9BYF1, P35367, P50993, P35348",144,21,18089,23.92724868,0.647412451,0.012260637,0.011408257
GOTERM_BP_DIRECT,GO:0046883~regulation of hormone secretion,3,2.040816327,6.11E-04,"P28223, P04083, P08908",144,5,18089,75.37083333,0.666761533,0.01248365,0.011615765
GOTERM_BP_DIRECT,GO:0051584~regulation of dopamine uptake involved in synaptic transmission,3,2.040816327,6.11E-04,"P21728, P35462, P14416",144,5,18089,75.37083333,0.666761533,0.01248365,0.011615765
GOTERM_BP_DIRECT,GO:1903416~response to glycoside,3,2.040816327,6.11E-04,"P13637, P05023, P50993",144,5,18089,75.37083333,0.666761533,0.01248365,0.011615765
GOTERM_BP_DIRECT,GO:0048661~positive regulation of smooth muscle cell proliferation,6,4.081632653,6.66E-04,"P42345, P09619, Q92570, P08887, P09038, P01375",144,88,18089,8.564867424,0.698238886,0.013183993,0.012267419
GOTERM_BP_DIRECT,GO:1901687~glutathione derivative biosynthetic process,4,2.721088435,6.67E-04,"O60760, P09488, P09210, P09211",144,22,18089,22.83964646,0.698849098,0.013183993,0.012267419
GOTERM_BP_DIRECT,GO:2000249~regulation of actin cytoskeleton reorganization,4,2.721088435,6.67E-04,"P16234, P00519, P42684, P07333",144,22,18089,22.83964646,0.698849098,0.013183993,0.012267419
GOTERM_BP_DIRECT,GO:0007417~central nervous system development,7,4.761904762,6.88E-04,"P41240, P29274, P07948, P06241, P09211, P12931, Q03393",144,134,18089,6.562137231,0.70983651,0.013444403,0.012509726
GOTERM_BP_DIRECT,GO:0007194~negative regulation of adenylate cyclase activity,4,2.721088435,7.63E-04,"P35462, P35372, P14416, P21917",144,23,18089,21.84661836,0.746469645,0.014593066,0.013578531
GOTERM_BP_DIRECT,GO:0019226~transmission of nerve impulse,4,2.721088435,7.63E-04,"P08912, P21728, P21918, O00555",144,23,18089,21.84661836,0.746469645,0.014593066,0.013578531
GOTERM_BP_DIRECT,GO:0035726~common myeloid progenitor cell proliferation,3,2.040816327,9.12E-04,"Q92570, P09211, P36888",144,6,18089,62.80902778,0.806027962,0.017075974,0.015888823
GOTERM_BP_DIRECT,GO:0007195~adenylate cyclase-inhibiting dopamine receptor signaling pathway,3,2.040816327,9.12E-04,"P35462, P14416, P21917",144,6,18089,62.80902778,0.806027962,0.017075974,0.015888823
GOTERM_BP_DIRECT,GO:0060048~cardiac muscle contraction,5,3.401360544,9.34E-04,"P42345, P13637, P05023, Q12809, P50993",144,55,18089,11.41982323,0.813701075,0.017315647,0.016111834
GOTERM_BP_DIRECT,GO:0051897~positive regulation of protein kinase B signaling,6,4.081632653,0.001035454,"P42345, P12931, P00742, P30530, P09038, P01375",144,97,18089,7.770189003,0.844748848,0.018997414,0.017676682
GOTERM_BP_DIRECT,GO:0046854~phosphatidylinositol phosphorylation,6,4.081632653,0.00108428,"P16234, P06239, P09619, P06241, P10721, P09038",144,98,18089,7.690901361,0.857810255,0.019692275,0.018323234
GOTERM_BP_DIRECT,GO:0036120~cellular response to platelet-derived growth factor stimulus,4,2.721088435,0.001231272,"P07947, P09619, P06241, P12931",144,27,18089,18.6100823,0.890867265,0.021919073,0.020395222
GOTERM_BP_DIRECT,GO:0050715~positive regulation of cytokine secretion,4,2.721088435,0.001231272,"P09769, P41595, P12931, P01375",144,27,18089,18.6100823,0.890867265,0.021919073,0.020395222
GOTERM_BP_DIRECT,GO:0045429~positive regulation of nitric oxide biosynthetic process,5,3.401360544,0.001295557,"P42345, P35372, P05362, P03372, P01375",144,60,18089,10.4681713,0.902793861,0.022837364,0.021249672
GOTERM_BP_DIRECT,GO:0038096~Fc-gamma receptor signaling pathway involved in phagocytosis,6,4.081632653,0.001603974,"P00519, P09769, P07947, P07948, P06241, P12931",144,107,18089,7.044003115,0.944215554,0.027999464,0.026052894
GOTERM_BP_DIRECT,GO:0030316~osteoclast differentiation,4,2.721088435,0.001679713,"Q16539, P29317, P07333, P01375",144,30,18089,16.74907407,0.951328539,0.028569605,0.026583397
GOTERM_BP_DIRECT,GO:0071870~cellular response to catecholamine stimulus,3,2.040816327,0.001684304,"P21728, Q92570, P21918",144,8,18089,47.10677083,0.951729337,0.028569605,0.026583397
GOTERM_BP_DIRECT,GO:0010579~positive regulation of adenylate cyclase activity involved in G-protein coupled receptor signaling pathway,3,2.040816327,0.001684304,"P21728, P29274, P21918",144,8,18089,47.10677083,0.951729337,0.028569605,0.026583397
GOTERM_BP_DIRECT,GO:0016049~cell growth,5,3.401360544,0.001951463,"P42345, P04818, P10275, P35348, O00555",144,67,18089,9.374481758,0.970167527,0.032791867,0.030512121
GOTERM_BP_DIRECT,GO:0043278~response to morphine,4,2.721088435,0.002028535,"P42345, P41145, P35462, P14416",144,32,18089,15.70225694,0.974035107,0.033771348,0.031423507
GOTERM_BP_DIRECT,GO:0000165~MAPK cascade,9,6.12244898,0.002133889,"P16234, P36507, P0DP23, P09619, P06241, Q02750, P10721, P09038, P01375",144,289,18089,3.911980969,0.978524276,0.035199382,0.032752262
GOTERM_BP_DIRECT,GO:0006464~cellular protein modification process,6,4.081632653,0.002202208,"P00519, Q9UM07, P07947, P11229, P20309, P42684",144,115,18089,6.553985507,0.981011767,0.03593678,0.033438394
GOTERM_BP_DIRECT,GO:0042755~eating behavior,4,2.721088435,0.002218566,"P41145, P41143, P29274, P35372",144,33,18089,15.22643098,0.981563337,0.03593678,0.033438394
GOTERM_BP_DIRECT,GO:0030335~positive regulation of cell migration,8,5.442176871,0.002320306,"P16234, P09769, P21728, P07948, P09619, P10721, P00742, P07333",144,229,18089,4.388403688,0.984651822,0.037249205,0.034659578
GOTERM_BP_DIRECT,GO:0030168~platelet activation,6,4.081632653,0.002374176,"P06239, P00734, P07948, P06241, P12931, P30530",144,117,18089,6.441951567,0.986071853,0.037776709,0.035150408
GOTERM_BP_DIRECT,GO:0010628~positive regulation of gene expression,10,6.802721088,0.002551156,"P31645, Q16539, P42345, O75469, Q00534, P45983, Q02750, P10721, P10275, P01375",144,366,18089,3.43218731,0.989875938,0.04023666,0.03743934
GOTERM_BP_DIRECT,GO:0030097~hemopoiesis,5,3.401360544,0.002671934,"P06239, P10721, Q15125, P07333, P36888",144,73,18089,8.603976408,0.991856759,0.04076838,0.037934093
GOTERM_BP_DIRECT,GO:0050795~regulation of behavior,3,2.040816327,0.002678965,"P28223, P41595, P08908",144,10,18089,37.68541667,0.991959331,0.04076838,0.037934093
GOTERM_BP_DIRECT,GO:0036376~sodium ion export from cell,3,2.040816327,0.002678965,"P13637, P05023, P50993",144,10,18089,37.68541667,0.991959331,0.04076838,0.037934093
GOTERM_BP_DIRECT,GO:0060080~inhibitory postsynaptic potential,3,2.040816327,0.002678965,"P29274, P28472, P21917",144,10,18089,37.68541667,0.991959331,0.04076838,0.037934093
GOTERM_BP_DIRECT,GO:0008360~regulation of cell shape,7,4.761904762,0.002698241,"P09769, P00734, P04083, P06241, P05362, P10721, P07333",144,175,18089,5.024722222,0.992233955,0.04076838,0.037934093
GOTERM_BP_DIRECT,GO:0048008~platelet-derived growth factor receptor signaling pathway,4,2.721088435,0.003087575,"P16234, P11274, P09619, P12931",144,37,18089,13.58033033,0.996151408,0.046262166,0.043045942
GOTERM_BP_DIRECT,GO:0060158~phospholipase C-activating dopamine receptor signaling pathway,3,2.040816327,0.003257358,"P21728, P14416, P21918",144,11,18089,34.2594697,0.99716663,0.04840272,0.045037681
GOTERM_BP_DIRECT,GO:0048678~response to axon injury,4,2.721088435,0.003332997,"P07948, P14416, P04629, P09038",144,38,18089,13.22295322,0.997528027,0.048721378,0.045334185
GOTERM_BP_DIRECT,GO:0009314~response to radiation,4,2.721088435,0.003332997,"P41145, P35372, Q9NYL2, P04629",144,38,18089,13.22295322,0.997528027,0.048721378,0.045334185
GOTERM_BP_DIRECT,GO:0001662~behavioral fear response,4,2.721088435,0.003590045,"P28335, P21728, P08908, P21917",144,39,18089,12.88390313,0.998445367,0.052055657,0.04843666
GOTERM_BP_DIRECT,GO:0051384~response to glucocorticoid,5,3.401360544,0.00372111,"P09429, P04818, P42574, P50135, P01375",144,80,18089,7.851128472,0.998772818,0.053524446,0.049803336
,,,,,,,,,,,,
GOTERM_BP_DIRECT,GO:0007186~G-protein coupled receptor signaling pathway,12,8.163265306,0.00383424,"P41595, P11229, P41143, P20309, P0DP23, P35462, P08172, P09619, P35368, P35367, P08908, P35348",144,541,18089,2.786352434,0.998999458,0.054199623,0.050431574
GOTERM_BP_DIRECT,GO:2000379~positive regulation of reactive oxygen species metabolic process,4,2.721088435,0.003858886,"Q9BYF1, Q16539, P00734, P09619",144,40,18089,12.56180556,0.999042992,0.054199623,0.050431574
GOTERM_BP_DIRECT,GO:0007600~sensory perception,3,2.040816327,0.003888627,"P41145, P29274, P35372",144,12,18089,31.40451389,0.999093012,0.054199623,0.050431574
GOTERM_BP_DIRECT,GO:0048149~behavioral response to ethanol,3,2.040816327,0.003888627,"P35372, P14416, P21917",144,12,18089,31.40451389,0.999093012,0.054199623,0.050431574
GOTERM_BP_DIRECT,GO:0006954~inflammatory response,10,6.802721088,0.004078281,"P09429, P29274, P07948, P04083, P35367, P10721, P29317, P07333, P30530, P01375",144,393,18089,3.196388182,0.999355956,0.056405767,0.052484342
GOTERM_BP_DIRECT,GO:0035094~response to nicotine,4,2.721088435,0.004432587,"P14416, P42574, P50993, Q01959",144,42,18089,11.96362434,0.99966032,0.060838096,0.056608529
GOTERM_BP_DIRECT,GO:0035815~positive regulation of renal sodium excretion,3,2.040816327,0.004571913,"P35462, P29274, P14416",144,13,18089,28.98878205,0.999735891,0.06134552,0.057080675
GOTERM_BP_DIRECT,GO:0009168~purine ribonucleoside monophosphate biosynthetic process,3,2.040816327,0.004571913,"Q06203, P20839, P12268",144,13,18089,28.98878205,0.999735891,0.06134552,0.057080675
GOTERM_BP_DIRECT,GO:0021756~striatum development,3,2.040816327,0.004571913,"P00492, P21728, P14416",144,13,18089,28.98878205,0.999735891,0.06134552,0.057080675
GOTERM_BP_DIRECT,GO:0010629~negative regulation of gene expression,7,4.761904762,0.00530356,"P36507, P41143, P06241, P03372, Q02750, P06401, P01375",144,201,18089,4.374758154,0.99992959,0.065798932,0.061224479
GOTERM_BP_DIRECT,GO:0006164~purine nucleotide biosynthetic process,3,2.040816327,0.005306365,"P00492, Q06203, P12268",144,14,18089,26.91815476,0.999929946,0.065798932,0.061224479
GOTERM_BP_DIRECT,GO:0007625~grooming behavior,3,2.040816327,0.005306365,"P00492, P21728, P14416",144,14,18089,26.91815476,0.999929946,0.065798932,0.061224479
GOTERM_BP_DIRECT,GO:0086064~cell communication by electrical coupling involved in cardiac conduction,3,2.040816327,0.005306365,"P13637, P05023, P50993",144,14,18089,26.91815476,0.999929946,0.065798932,0.061224479
GOTERM_BP_DIRECT,GO:0060444~branching involved in mammary gland duct morphogenesis,3,2.040816327,0.005306365,"P12931, P29317, Q08345",144,14,18089,26.91815476,0.999929946,0.065798932,0.061224479
GOTERM_BP_DIRECT,GO:0010248~establishment or maintenance of transmembrane electrochemical gradient,3,2.040816327,0.005306365,"P13637, P05023, P50993",144,14,18089,26.91815476,0.999929946,0.065798932,0.061224479
GOTERM_BP_DIRECT,GO:0014059~regulation of dopamine secretion,3,2.040816327,0.005306365,"P28223, P35462, P14416",144,14,18089,26.91815476,0.999929946,0.065798932,0.061224479
GOTERM_BP_DIRECT,GO:2000641~regulation of early endosome to late endosome transport,3,2.040816327,0.005306365,"P36507, Q02750, P12931",144,14,18089,26.91815476,0.999929946,0.065798932,0.061224479
GOTERM_BP_DIRECT,GO:0032872~regulation of stress-activated MAPK cascade,3,2.040816327,0.005306365,"P36507, Q02750, P09211",144,14,18089,26.91815476,0.999929946,0.065798932,0.061224479
GOTERM_BP_DIRECT,GO:0051481~negative regulation of cytosolic calcium ion concentration,3,2.040816327,0.005306365,"P35372, P14416, P50993",144,14,18089,26.91815476,0.999929946,0.065798932,0.061224479
GOTERM_BP_DIRECT,GO:0030007~cellular potassium ion homeostasis,3,2.040816327,0.005306365,"P13637, P05023, P50993",144,14,18089,26.91815476,0.999929946,0.065798932,0.061224479
GOTERM_BP_DIRECT,GO:0034220~ion transmembrane transport,7,4.761904762,0.005561017,"P47869, P0DP23, P13637, P28472, O75311, P05023, P50993",144,203,18089,4.331657088,0.999955792,0.068484309,0.063723164
GOTERM_BP_DIRECT,GO:0097028~dendritic cell differentiation,3,2.040816327,0.006091144,"P07948, P30530, P36888",144,15,18089,25.12361111,0.999983052,0.074270489,0.069107079
GOTERM_BP_DIRECT,GO:0007218~neuropeptide signaling pathway,5,3.401360544,0.006113477,"P41145, P41143, P35372, O75311, P01189",144,92,18089,6.827068237,0.999983723,0.074270489,0.069107079
GOTERM_BP_DIRECT,GO:0003007~heart morphogenesis,4,2.721088435,0.006452298,"P42345, P41595, P54760, P62942",144,48,18089,10.4681713,0.999991183,0.077860611,0.072447609
GOTERM_BP_DIRECT,GO:0046488~phosphatidylinositol metabolic process,3,2.040816327,0.006925419,"P09619, P14416, P07333",144,16,18089,23.55338542,0.999996255,0.083012688,0.077241506
GOTERM_BP_DIRECT,GO:0016477~cell migration,7,4.761904762,0.007462834,"P00519, P09769, P41240, P09619, P06241, P29317, P42684",144,216,18089,4.070955504,0.999998585,0.088862094,0.082684251
GOTERM_BP_DIRECT,GO:0001817~regulation of cytokine production,3,2.040816327,0.007808369,"Q9BYF1, P41240, P07948",144,17,18089,22.16789216,0.999999243,0.091761098,0.085381712
GOTERM_BP_DIRECT,GO:0071880~adenylate cyclase-activating adrenergic receptor signaling pathway,3,2.040816327,0.007808369,"P35368, P14416, P35348",144,17,18089,22.16789216,0.999999243,0.091761098,0.085381712
GOTERM_BP_DIRECT,GO:0007595~lactation,4,2.721088435,0.008057779,"P51692, Q06203, Q08345, Q01959",144,52,18089,9.66292735,0.999999519,0.09407719,0.087536784
GOTERM_BP_DIRECT,GO:0050885~neuromuscular process controlling balance,4,2.721088435,0.008492532,"P11274, P00519, Q92570, O00555",144,53,18089,9.480607966,0.999999781,0.098513372,0.091664556
GOTERM_BP_DIRECT,GO:0006855~drug transmembrane transport,3,2.040816327,0.008739185,"P08183, Q15125, P54219",144,18,18089,20.93634259,0.99999986,0.100083147,0.093125197
GOTERM_BP_DIRECT,"GO:0007597~blood coagulation, intrinsic pathway",3,2.040816327,0.008739185,"P00748, P00734, P00742",144,18,18089,20.93634259,0.99999986,0.100083147,0.093125197
GOTERM_BP_DIRECT,GO:0051092~positive regulation of NF-kappaB transcription factor activity,6,4.081632653,0.00957886,"P04629, P05362, P10275, P01375, Q06187, Q9UM73",144,163,18089,4.623977505,0.99999997,0.109005,0.101426788
GOTERM_BP_DIRECT,GO:0001659~temperature homeostasis,3,2.040816327,0.009717064,"P28223, P21728, P14416",144,19,18089,19.83442982,0.999999976,0.109195506,0.10160405
GOTERM_BP_DIRECT,GO:0002031~G-protein coupled receptor internalization,3,2.040816327,0.009717064,"P41595, P35462, P14416",144,19,18089,19.83442982,0.999999976,0.109195506,0.10160405
GOTERM_BP_DIRECT,GO:0043065~positive regulation of apoptotic process,9,6.12244898,0.010296477,"P09429, P00519, P09619, P11802, Q9NYL2, P45983, P12931, P17405, P01375",144,377,18089,2.998839523,0.999999992,0.114987989,0.106993829
GOTERM_BP_DIRECT,GO:1903779~regulation of cardiac conduction,4,2.721088435,0.010367803,"Q9BYF1, P13637, P05023, P50993",144,57,18089,8.815302144,0.999999993,0.115069809,0.107069961
GOTERM_BP_DIRECT,GO:0044849~estrous cycle,3,2.040816327,0.010741215,"P41145, P35372, P04083",144,20,18089,18.84270833,0.999999996,0.118482856,0.110245727
GOTERM_BP_DIRECT,GO:0048011~neurotrophin TRK receptor signaling pathway,3,2.040816327,0.011810857,"P04629, P12931, P42574",144,21,18089,17.94543651,0.999999999,0.129487326,0.120485148
GOTERM_BP_DIRECT,GO:0006883~cellular sodium ion homeostasis,3,2.040816327,0.012925216,"P13637, P05023, P50993",144,22,18089,17.12973485,1,0.136943262,0.127422735
GOTERM_BP_DIRECT,GO:0060749~mammary gland alveolus development,3,2.040816327,0.012925216,"P03372, Q08345, P10275",144,22,18089,17.12973485,1,0.136943262,0.127422735
GOTERM_BP_DIRECT,GO:0030520~intracellular estrogen receptor signaling pathway,3,2.040816327,0.012925216,"Q92731, P03372, P12931",144,22,18089,17.12973485,1,0.136943262,0.127422735
GOTERM_BP_DIRECT,GO:0043066~negative regulation of apoptotic process,11,7.482993197,0.012983593,"O15392, P41595, P30405, P51692, P09619, P04083, P45983, P09211, P12931, P42574, P07333",144,556,18089,2.485249301,1,0.136943262,0.127422735
GOTERM_BP_DIRECT,GO:0032956~regulation of actin cytoskeleton organization,4,2.721088435,0.013024081,"P42345, P00519, P09619, P54756",144,62,18089,8.104390681,1,0.136943262,0.127422735
GOTERM_BP_DIRECT,GO:0050853~B cell receptor signaling pathway,4,2.721088435,0.013024081,"P00519, P06239, P07948, Q06187",144,62,18089,8.104390681,1,0.136943262,0.127422735
GOTERM_BP_DIRECT,GO:0035176~social behavior,4,2.721088435,0.013024081,"P31645, P42345, P35462, P21917",144,62,18089,8.104390681,1,0.136943262,0.127422735
GOTERM_BP_DIRECT,GO:0007623~circadian rhythm,5,3.401360544,0.013953007,"P31645, P34969, P11802, P04629, P04818",144,117,18089,5.368292972,1,0.144698205,0.134638542
GOTERM_BP_DIRECT,"GO:0051968~positive regulation of synaptic transmission, glutamatergic",3,2.040816327,0.014083529,"P21728, P29274, P04629",144,23,18089,16.38496377,1,0.144698205,0.134638542
GOTERM_BP_DIRECT,GO:0034614~cellular response to reactive oxygen species,3,2.040816327,0.014083529,"P16234, P12931, Q06187",144,23,18089,16.38496377,1,0.144698205,0.134638542
GOTERM_BP_DIRECT,GO:0045987~positive regulation of smooth muscle contraction,3,2.040816327,0.014083529,"P20309, P35368, P35348",144,23,18089,16.38496377,1,0.144698205,0.134638542
GOTERM_BP_DIRECT,GO:0008344~adult locomotory behavior,4,2.721088435,0.014787257,"P41143, P13637, P21917, P50993",144,65,18089,7.73034188,1,0.151065277,0.140562964
GOTERM_BP_DIRECT,GO:0007267~cell-cell signaling,7,4.761904762,0.015125719,"P29274, P35368, Q92731, P10275, P01189, P35348, P06401",144,252,18089,3.489390432,1,0.153512833,0.142840361
GOTERM_BP_DIRECT,GO:0001934~positive regulation of protein phosphorylation,6,4.081632653,0.0151976,"P42345, P00519, P00734, P04629, P07333, P01375",144,183,18089,4.118624772,1,0.153512833,0.142840361
GOTERM_BP_DIRECT,GO:0010039~response to iron ion,3,2.040816327,0.015285042,"P14416, Q01959, P62942",144,24,18089,15.70225694,1,0.153533548,0.142859637
GOTERM_BP_DIRECT,GO:0090325~regulation of locomotion involved in locomotory behavior,2,1.360544218,0.015748653,"P35462, P14416",144,2,18089,125.6180556,1,0.153891725,0.143192912
GOTERM_BP_DIRECT,GO:0097350~neutrophil clearance,2,1.360544218,0.015748653,"P09429, P04083",144,2,18089,125.6180556,1,0.153891725,0.143192912
GOTERM_BP_DIRECT,GO:0031635~adenylate cyclase-inhibiting opioid receptor signaling pathway,2,1.360544218,0.015748653,"P41145, P35372",144,2,18089,125.6180556,1,0.153891725,0.143192912
GOTERM_BP_DIRECT,GO:0046960~sensitization,2,1.360544218,0.015748653,"P21728, P21918",144,2,18089,125.6180556,1,0.153891725,0.143192912
GOTERM_BP_DIRECT,GO:0007208~phospholipase C-activating serotonin receptor signaling pathway,2,1.360544218,0.015748653,"P28335, P28223",144,2,18089,125.6180556,1,0.153891725,0.143192912
GOTERM_BP_DIRECT,GO:0055117~regulation of cardiac muscle contraction,3,2.040816327,0.016529008,"P0DP23, P35368, P35348",144,25,18089,15.07416667,1,0.159780412,0.148672207
GOTERM_BP_DIRECT,GO:0071385~cellular response to glucocorticoid stimulus,3,2.040816327,0.016529008,"P04083, P09211, P36888",144,25,18089,15.07416667,1,0.159780412,0.148672207
GOTERM_BP_DIRECT,GO:0010506~regulation of autophagy,4,2.721088435,0.016678982,"P09429, P00519, P10636, P42684",144,68,18089,7.389297386,1,0.160367965,0.149218913
GOTERM_BP_DIRECT,GO:0071456~cellular response to hypoxia,5,3.401360544,0.016929996,"P42345, P41143, P05362, P12931, P40238",144,124,18089,5.065244176,1,0.161915596,0.15065895
GOTERM_BP_DIRECT,GO:0010107~potassium ion import,3,2.040816327,0.017814692,"P13637, P05023, P50993",144,26,18089,14.49439103,1,0.168583242,0.15686305
GOTERM_BP_DIRECT,GO:0086010~membrane depolarization during action potential,3,2.040816327,0.017814692,"P35498, Q12809, O00555",144,26,18089,14.49439103,1,0.168583242,0.15686305
GOTERM_BP_DIRECT,GO:0050727~regulation of inflammatory response,4,2.721088435,0.018011984,"Q9BYF1, P07948, P04083, P03372",144,70,18089,7.178174603,1,0.169557835,0.157769887
GOTERM_BP_DIRECT,GO:0007612~learning,4,2.721088435,0.018700114,"P21728, P35462, P06241, P21918",144,71,18089,7.077073552,1,0.174211421,0.162099948
GOTERM_BP_DIRECT,GO:0007173~epidermal growth factor receptor signaling pathway,4,2.721088435,0.018700114,"P00519, P49069, P41240, P12931",144,71,18089,7.077073552,1,0.174211421,0.162099948
GOTERM_BP_DIRECT,GO:0035556~intracellular signal transduction,10,6.802721088,0.019040857,"Q16539, P11274, P35368, P14416, P06241, Q9NYL2, P10721, P12931, P35348, Q06187",144,505,18089,2.487486249,1,0.175592731,0.163385227
GOTERM_BP_DIRECT,GO:0071375~cellular response to peptide hormone stimulus,3,2.040816327,0.019141366,"P41240, P06241, P12931",144,27,18089,13.95756173,1,0.175592731,0.163385227
GOTERM_BP_DIRECT,GO:0051000~positive regulation of nitric-oxide synthase activity,3,2.040816327,0.019141366,"P41595, P0DP23, P03372",144,27,18089,13.95756173,1,0.175592731,0.163385227
GOTERM_BP_DIRECT,GO:0060326~cell chemotaxis,4,2.721088435,0.019402688,"P16234, P09619, P10721, P29317",144,72,18089,6.978780864,1,0.177086458,0.164775108
GOTERM_BP_DIRECT,GO:0051482~positive regulation of cytosolic calcium ion concentration involved in phospholipase C-activating G-protein coupled signaling pathway,3,2.040816327,0.02050831,"P28335, P21728, P14416",144,28,18089,13.45907738,1,0.186232028,0.173284863
GOTERM_BP_DIRECT,GO:0042542~response to hydrogen peroxide,4,2.721088435,0.0215972,"P09619, Q92570, P12931, P42574",144,75,18089,6.69962963,1,0.195134498,0.181568417
GOTERM_BP_DIRECT,GO:0051281~positive regulation of release of sequestered calcium ion into cytosol,3,2.040816327,0.021914815,"P00519, P21728, P00734",144,29,18089,12.99497126,1,0.196034021,0.182405404
GOTERM_BP_DIRECT,GO:2000145~regulation of cell motility,3,2.040816327,0.021914815,"P00519, Q00534, P42684",144,29,18089,12.99497126,1,0.196034021,0.182405404
GOTERM_BP_DIRECT,GO:0070373~negative regulation of ERK1 and ERK2 cascade,4,2.721088435,0.022357659,"P00519, P41240, P07948, P09211",144,76,18089,6.611476608,1,0.199005305,0.18517012
GOTERM_BP_DIRECT,GO:0007202~activation of phospholipase C activity,3,2.040816327,0.02336018,"P28223, P41595, P35348",144,30,18089,12.56180556,1,0.203401958,0.18926111
GOTERM_BP_DIRECT,GO:0051930~regulation of sensory perception of pain,3,2.040816327,0.02336018,"P41145, P41143, P35372",144,30,18089,12.56180556,1,0.203401958,0.18926111
GOTERM_BP_DIRECT,GO:0046717~acid secretion,2,1.360544218,0.023530371,"P35462, P14416",144,3,18089,83.74537037,1,0.203401958,0.18926111
GOTERM_BP_DIRECT,GO:0032800~receptor biosynthetic process,2,1.360544218,0.023530371,"Q9BYF1, P01375",144,3,18089,83.74537037,1,0.203401958,0.18926111
GOTERM_BP_DIRECT,GO:0060160~negative regulation of dopamine receptor signaling pathway,2,1.360544218,0.023530371,"P35462, P14416",144,3,18089,83.74537037,1,0.203401958,0.18926111
GOTERM_BP_DIRECT,GO:0051586~positive regulation of dopamine uptake involved in synaptic transmission,2,1.360544218,0.023530371,"P14416, P21917",144,3,18089,83.74537037,1,0.203401958,0.18926111
GOTERM_BP_DIRECT,GO:0007568~aging,6,4.081632653,0.02397934,"P28223, P04629, P04818, P35348, P09038, Q01959",144,206,18089,3.658778317,1,0.206291167,0.191949456
GOTERM_BP_DIRECT,GO:1900182~positive regulation of protein localization to nucleus,3,2.040816327,0.02484371,"P00734, P06241, P12931",144,31,18089,12.15658602,1,0.211701381,0.196983543
GOTERM_BP_DIRECT,GO:0070371~ERK1 and ERK2 cascade,3,2.040816327,0.02484371,"P36507, P41595, Q02750",144,31,18089,12.15658602,1,0.211701381,0.196983543
GOTERM_BP_DIRECT,GO:0048010~vascular endothelial growth factor receptor signaling pathway,4,2.721088435,0.027224398,"Q16539, P06241, P12931, P30530",144,82,18089,6.127710027,1,0.230893711,0.21484159
GOTERM_BP_DIRECT,GO:0007631~feeding behavior,3,2.040816327,0.027922539,"P28335, P14416, P06241",144,33,18089,11.41982323,1,0.233790787,0.217537257
GOTERM_BP_DIRECT,GO:0008306~associative learning,3,2.040816327,0.027922539,"P00519, P14416, P21918",144,33,18089,11.41982323,1,0.233790787,0.217537257
GOTERM_BP_DIRECT,GO:0070301~cellular response to hydrogen peroxide,4,2.721088435,0.028086101,"P00519, P30405, P04083, P30530",144,83,18089,6.053882195,1,0.233790787,0.217537257
GOTERM_BP_DIRECT,GO:0050830~defense response to Gram-positive bacterium,4,2.721088435,0.028086101,"P09769, P29317, P08887, P01375",144,83,18089,6.053882195,1,0.233790787,0.217537257
GOTERM_BP_DIRECT,GO:0071300~cellular response to retinoic acid,4,2.721088435,0.029852722,"P31645, P07947, P07948, P42684",144,85,18089,5.911437908,1,0.247351121,0.230154853
GOTERM_BP_DIRECT,GO:0002250~adaptive immune response,5,3.401360544,0.030247623,"P41240, P07948, P04083, P06241, Q06187",144,148,18089,4.243853228,1,0.248005649,0.230763877
GOTERM_BP_DIRECT,GO:0002181~cytoplasmic translation,3,2.040816327,0.031145921,"P62917, P61313, Q9UNX3",144,35,18089,10.7672619,1,0.248005649,0.230763877
GOTERM_BP_DIRECT,GO:0072277~metanephric glomerular capillary formation,2,1.360544218,0.031250992,"P16234, P09619",144,4,18089,62.80902778,1,0.248005649,0.230763877
GOTERM_BP_DIRECT,GO:0006177~GMP biosynthetic process,2,1.360544218,0.031250992,"P20839, P12268",144,4,18089,62.80902778,1,0.248005649,0.230763877
GOTERM_BP_DIRECT,GO:0042063~gliogenesis,2,1.360544218,0.031250992,"Q00534, P04083",144,4,18089,62.80902778,1,0.248005649,0.230763877
GOTERM_BP_DIRECT,GO:0015842~aminergic neurotransmitter loading into synaptic vesicle,2,1.360544218,0.031250992,"Q05940, P54219",144,4,18089,62.80902778,1,0.248005649,0.230763877
GOTERM_BP_DIRECT,GO:0046040~IMP metabolic process,2,1.360544218,0.031250992,"P00492, P49902",144,4,18089,62.80902778,1,0.248005649,0.230763877
GOTERM_BP_DIRECT,GO:0038091~positive regulation of cell proliferation by VEGF-activated platelet derived growth factor receptor signaling pathway,2,1.360544218,0.031250992,"P16234, P09619",144,4,18089,62.80902778,1,0.248005649,0.230763877
GOTERM_BP_DIRECT,"GO:0050883~musculoskeletal movement, spinal reflex action",2,1.360544218,0.031250992,"P35462, O00555",144,4,18089,62.80902778,1,0.248005649,0.230763877
GOTERM_BP_DIRECT,GO:0019221~cytokine-mediated signaling pathway,5,3.401360544,0.031311058,"P10721, P08887, P07333, P36888, P62942",144,150,18089,4.187268519,1,0.248005649,0.230763877
GOTERM_BP_DIRECT,GO:0030216~keratinocyte differentiation,4,2.721088435,0.031676805,"P04083, Q02750, P29317, P42574",144,87,18089,5.775542784,1,0.249802174,0.232435505
GOTERM_BP_DIRECT,GO:1902476~chloride transmembrane transport,4,2.721088435,0.033558133,"P47869, P28472, O75311, P13569",144,89,18089,5.645755306,1,0.263482635,0.245164877
GOTERM_BP_DIRECT,GO:0045776~negative regulation of blood pressure,3,2.040816327,0.034508609,"P35462, P14416, P21918",144,37,18089,10.18524775,1,0.266293905,0.247780702
GOTERM_BP_DIRECT,GO:0070372~regulation of ERK1 and ERK2 cascade,3,2.040816327,0.034508609,"P07948, P09211, P29317",144,37,18089,10.18524775,1,0.266293905,0.247780702
GOTERM_BP_DIRECT,GO:0015991~ATP hydrolysis coupled proton transport,3,2.040816327,0.034508609,"P13637, P05023, P50993",144,37,18089,10.18524775,1,0.266293905,0.247780702
GOTERM_BP_DIRECT,GO:0007205~protein kinase C-activating G-protein coupled receptor signaling pathway,3,2.040816327,0.034508609,"P41595, P11229, P29274",144,37,18089,10.18524775,1,0.266293905,0.247780702
GOTERM_BP_DIRECT,GO:0007188~adenylate cyclase-modulating G-protein coupled receptor signaling pathway,3,2.040816327,0.036240588,"P29274, P08172, P35368",144,38,18089,9.917214912,1,0.278464005,0.259104716
GOTERM_BP_DIRECT,GO:0046718~viral entry into host cell,4,2.721088435,0.037491456,"Q9BYF1, P28223, P05362, P30530",144,93,18089,5.402927121,1,0.286849527,0.266907263
GOTERM_BP_DIRECT,GO:0031663~lipopolysaccharide-mediated signaling pathway,3,2.040816327,0.038005482,"Q16539, P07948, P01375",144,39,18089,9.66292735,1,0.28832851,0.268283424
GOTERM_BP_DIRECT,GO:0007259~JAK-STAT cascade,3,2.040816327,0.038005482,"P51692, P48551, P17181",144,39,18089,9.66292735,1,0.28832851,0.268283424
GOTERM_BP_DIRECT,"GO:0045893~positive regulation of transcription, DNA-templated",11,7.482993197,0.038785228,"P36507, O75469, P62508, Q92731, P03372, Q02750, P12931, P17181, P10275, P09038, P01375",144,666,18089,2.074772689,1,0.28909903,0.269000376
GOTERM_BP_DIRECT,GO:0007610~behavior,2,1.360544218,0.038910993,"P41145, P41595",144,5,18089,50.24722222,1,0.28909903,0.269000376
GOTERM_BP_DIRECT,GO:0002553~histamine secretion by mast cell,2,1.360544218,0.038910993,"P07948, Q06187",144,5,18089,50.24722222,1,0.28909903,0.269000376
GOTERM_BP_DIRECT,GO:0002768~immune response-regulating cell surface receptor signaling pathway,2,1.360544218,0.038910993,"P09769, P07948",144,5,18089,50.24722222,1,0.28909903,0.269000376
GOTERM_BP_DIRECT,GO:0002902~regulation of B cell apoptotic process,2,1.360544218,0.038910993,"P07948, Q06187",144,5,18089,50.24722222,1,0.28909903,0.269000376
GOTERM_BP_DIRECT,GO:0070555~response to interleukin-1,3,2.040816327,0.039802671,"P04083, P12931, P50135",144,40,18089,9.421354167,1,0.294507009,0.274032384
GOTERM_BP_DIRECT,GO:0016032~viral process,7,4.761904762,0.041332427,"P16234, P11142, P06239, P49069, P07948, P06241, P29317",144,319,18089,2.756509056,1,0.30457256,0.28339816
GOTERM_BP_DIRECT,GO:0007190~activation of adenylate cyclase activity,3,2.040816327,0.041631543,"P0DP23, P21728, P21918",144,41,18089,9.191565041,1,0.305524546,0.284283963
GOTERM_BP_DIRECT,GO:0048167~regulation of synaptic plasticity,3,2.040816327,0.04349149,"P25021, P29274, P35367",144,42,18089,8.972718254,1,0.315313306,0.293392192
GOTERM_BP_DIRECT,GO:0034446~substrate adhesion-dependent cell spreading,3,2.040816327,0.04349149,"P00519, P12931, P30530",144,42,18089,8.972718254,1,0.315313306,0.293392192
GOTERM_BP_DIRECT,GO:0045931~positive regulation of mitotic cell cycle,3,2.040816327,0.04349149,"P00519, O15392, P51692",144,42,18089,8.972718254,1,0.315313306,0.293392192
GOTERM_BP_DIRECT,GO:0007050~cell cycle arrest,5,3.401360544,0.045002663,"P42345, P00519, Q00534, Q9NYL2, Q02750",144,169,18089,3.716510519,1,0.324958987,0.302367289
GOTERM_BP_DIRECT,GO:0045859~regulation of protein kinase activity,3,2.040816327,0.045381917,"P42345, P09769, P11802",144,43,18089,8.764050388,1,0.32539494,0.302772933
GOTERM_BP_DIRECT,GO:0003056~regulation of vascular smooth muscle contraction,2,1.360544218,0.046510845,"P11229, P20309",144,6,18089,41.87268519,1,0.32539494,0.302772933
GOTERM_BP_DIRECT,GO:0045646~regulation of erythrocyte differentiation,2,1.360544218,0.046510845,"Q00534, P07948",144,6,18089,41.87268519,1,0.32539494,0.302772933
GOTERM_BP_DIRECT,GO:0035897~proteolysis in other organism,2,1.360544218,0.046510845,"P36507, Q02750",144,6,18089,41.87268519,1,0.32539494,0.302772933
GOTERM_BP_DIRECT,GO:0031281~positive regulation of cyclase activity,2,1.360544218,0.046510845,"Q16539, P45983",144,6,18089,41.87268519,1,0.32539494,0.302772933
GOTERM_BP_DIRECT,GO:0042531~positive regulation of tyrosine phosphorylation of STAT protein,2,1.360544218,0.046510845,"P07948, P36888",144,6,18089,41.87268519,1,0.32539494,0.302772933
GOTERM_BP_DIRECT,GO:0046541~saliva secretion,2,1.360544218,0.046510845,"P11229, P20309",144,6,18089,41.87268519,1,0.32539494,0.302772933
GOTERM_BP_DIRECT,GO:0021853~cerebral cortex GABAergic interneuron migration,2,1.360544218,0.046510845,"P21728, P14416",144,6,18089,41.87268519,1,0.32539494,0.302772933
GOTERM_BP_DIRECT,GO:0040018~positive regulation of multicellular organism growth,3,2.040816327,0.04925185,"P51692, P14416, Q01959",144,45,18089,8.374537037,1,0.341910524,0.318140326
GOTERM_BP_DIRECT,GO:0008219~cell death,3,2.040816327,0.04925185,"P28223, Q9NYL2, O00555",144,45,18089,8.374537037,1,0.341910524,0.318140326
GOTERM_BP_DIRECT,GO:0055085~transmembrane transport,6,4.081632653,0.050676542,"P31645, P08183, P13569, P23975, Q05940, Q01959",144,253,18089,2.979084321,1,0.347592053,0.323426866
GOTERM_BP_DIRECT,GO:0023014~signal transduction by protein phosphorylation,3,2.040816327,0.051230197,"O95259, P07948, Q12809",144,46,18089,8.192481884,1,0.347592053,0.323426866
GOTERM_BP_DIRECT,GO:0051898~negative regulation of protein kinase B signaling,3,2.040816327,0.051230197,"P35462, P14416, P29317",144,46,18089,8.192481884,1,0.347592053,0.323426866
GOTERM_BP_DIRECT,GO:0042517~positive regulation of tyrosine phosphorylation of Stat3 protein,3,2.040816327,0.051230197,"P10721, P08887, P07333",144,46,18089,8.192481884,1,0.347592053,0.323426866
GOTERM_BP_DIRECT,GO:0032720~negative regulation of tumor necrosis factor production,3,2.040816327,0.051230197,"P09211, P30530, P01189",144,46,18089,8.192481884,1,0.347592053,0.323426866
GOTERM_BP_DIRECT,GO:0043491~protein kinase B signaling,3,2.040816327,0.051230197,"P29317, P30530, P01375",144,46,18089,8.192481884,1,0.347592053,0.323426866
GOTERM_BP_DIRECT,GO:0007166~cell surface receptor signaling pathway,6,4.081632653,0.052802635,"Q16539, P00734, P08173, P04083, P48551, P40238",144,256,18089,2.944173177,1,0.352114966,0.327635338
GOTERM_BP_DIRECT,GO:0034765~regulation of ion transmembrane transport,4,2.721088435,0.053012321,"O95259, Q06432, P35498, O00555",144,107,18089,4.696002077,1,0.352114966,0.327635338
GOTERM_BP_DIRECT,GO:0007411~axon guidance,5,3.401360544,0.05380685,"Q92570, P06241, P04629, P07333, P54756",144,179,18089,3.508884233,1,0.352114966,0.327635338
GOTERM_BP_DIRECT,GO:0050798~activated T cell proliferation,2,1.360544218,0.054051018,"P00519, P06241",144,7,18089,35.89087302,1,0.352114966,0.327635338
GOTERM_BP_DIRECT,GO:0046813~receptor-mediated virion attachment to host cell,2,1.360544218,0.054051018,"Q9BYF1, P05362",144,7,18089,35.89087302,1,0.352114966,0.327635338
GOTERM_BP_DIRECT,GO:0046632~alpha-beta T cell differentiation,2,1.360544218,0.054051018,"P00519, P04083",144,7,18089,35.89087302,1,0.352114966,0.327635338
GOTERM_BP_DIRECT,GO:0051583~dopamine uptake involved in synaptic transmission,2,1.360544218,0.054051018,"P23975, Q01959",144,7,18089,35.89087302,1,0.352114966,0.327635338
GOTERM_BP_DIRECT,GO:1903800~positive regulation of production of miRNAs involved in gene silencing by miRNA,2,1.360544218,0.054051018,"P36507, Q02750",144,7,18089,35.89087302,1,0.352114966,0.327635338
GOTERM_BP_DIRECT,GO:0000160~phosphorelay signal transduction system,2,1.360544218,0.054051018,"O95259, Q12809",144,7,18089,35.89087302,1,0.352114966,0.327635338
GOTERM_BP_DIRECT,GO:0040012~regulation of locomotion,2,1.360544218,0.054051018,"P11229, P08173",144,7,18089,35.89087302,1,0.352114966,0.327635338
GOTERM_BP_DIRECT,GO:0038003~opioid receptor signaling pathway,2,1.360544218,0.054051018,"P41145, P41143",144,7,18089,35.89087302,1,0.352114966,0.327635338
GOTERM_BP_DIRECT,GO:0045944~positive regulation of transcription from RNA polymerase II promoter,16,10.88435374,0.054549108,"P09429, Q16539, P07947, O75469, P62508, P51692, P14416, P10275, P35462, Q92570, P04150, P03372, P01189, P09038, P06401, P01375",144,1207,18089,1.665193777,1,0.352400403,0.327900931
GOTERM_BP_DIRECT,GO:0043547~positive regulation of GTPase activity,10,6.802721088,0.055020667,"P16234, P11274, P41595, P0DP23, P09619, P06241, P04629, P05362, P10721, P09038",144,614,18089,2.04589667,1,0.352400403,0.327900931
GOTERM_BP_DIRECT,GO:0043407~negative regulation of MAP kinase activity,3,2.040816327,0.055270808,"P07948, P09211, P17405",144,48,18089,7.851128472,1,0.352400403,0.327900931
GOTERM_BP_DIRECT,GO:0045787~positive regulation of cell cycle,3,2.040816327,0.055270808,"P31645, P11802, Q92570",144,48,18089,7.851128472,1,0.352400403,0.327900931
GOTERM_BP_DIRECT,GO:2001237~negative regulation of extrinsic apoptotic signaling pathway,3,2.040816327,0.055270808,"P09211, P12931, P10275",144,48,18089,7.851128472,1,0.352400403,0.327900931
GOTERM_BP_DIRECT,GO:0030522~intracellular receptor signaling pathway,3,2.040816327,0.055270808,"O75469, Q92570, P10275",144,48,18089,7.851128472,1,0.352400403,0.327900931
GOTERM_BP_DIRECT,GO:0030218~erythrocyte differentiation,3,2.040816327,0.057331956,"P07948, P10721, P42574",144,49,18089,7.690901361,1,0.364250378,0.338927076
GOTERM_BP_DIRECT,GO:0010976~positive regulation of neuron projection development,4,2.721088435,0.059196189,"P07948, P06241, P04629, P42684",144,112,18089,4.486359127,1,0.371264045,0.345453141
GOTERM_BP_DIRECT,GO:0000413~protein peptidyl-prolyl isomerization,3,2.040816327,0.059419599,"P30405, P62937, P62942",144,50,18089,7.537083333,1,0.371264045,0.345453141
GOTERM_BP_DIRECT,GO:0007611~learning or memory,3,2.040816327,0.059419599,"P35462, P04629, P42574",144,50,18089,7.537083333,1,0.371264045,0.345453141
GOTERM_BP_DIRECT,GO:0045124~regulation of bone resorption,2,1.360544218,0.061531977,"P12931, P07333",144,8,18089,31.40451389,1,0.371264045,0.345453141
GOTERM_BP_DIRECT,GO:0032098~regulation of appetite,2,1.360544218,0.061531977,"P28335, P01189",144,8,18089,31.40451389,1,0.371264045,0.345453141
GOTERM_BP_DIRECT,GO:0010544~negative regulation of platelet activation,2,1.360544218,0.061531977,"P16234, P00734",144,8,18089,31.40451389,1,0.371264045,0.345453141
GOTERM_BP_DIRECT,GO:0061298~retina vasculature development in camera-type eye,2,1.360544218,0.061531977,"P16234, P09619",144,8,18089,31.40451389,1,0.371264045,0.345453141
GOTERM_BP_DIRECT,GO:0035791~platelet-derived growth factor receptor-beta signaling pathway,2,1.360544218,0.061531977,"P00519, P09619",144,8,18089,31.40451389,1,0.371264045,0.345453141
GOTERM_BP_DIRECT,GO:0031113~regulation of microtubule polymerization,2,1.360544218,0.061531977,"P00519, P10636",144,8,18089,31.40451389,1,0.371264045,0.345453141
GOTERM_BP_DIRECT,GO:1901386~negative regulation of voltage-gated calcium channel activity,2,1.360544218,0.061531977,"P14416, P21917",144,8,18089,31.40451389,1,0.371264045,0.345453141
GOTERM_BP_DIRECT,GO:0071420~cellular response to histamine,2,1.360544218,0.061531977,"P28472, P35367",144,8,18089,31.40451389,1,0.371264045,0.345453141
GOTERM_BP_DIRECT,GO:0002318~myeloid progenitor cell differentiation,2,1.360544218,0.061531977,"P10721, P36888",144,8,18089,31.40451389,1,0.371264045,0.345453141
GOTERM_BP_DIRECT,GO:0042908~xenobiotic transport,2,1.360544218,0.061531977,"O75469, P08183",144,8,18089,31.40451389,1,0.371264045,0.345453141
GOTERM_BP_DIRECT,GO:0002438~acute inflammatory response to antigenic stimulus,2,1.360544218,0.061531977,"P35372, P05362",144,8,18089,31.40451389,1,0.371264045,0.345453141
GOTERM_BP_DIRECT,GO:0043124~negative regulation of I-kappaB kinase/NF-kappaB signaling,3,2.040816327,0.061533195,"P00519, P03372, P09211",144,51,18089,7.389297386,1,0.371264045,0.345453141
GOTERM_BP_DIRECT,GO:0007596~blood coagulation,5,3.401360544,0.06219937,"P00734, P29274, P07948, P06241, P00742",144,188,18089,3.340905733,1,0.374028317,0.348025236
GOTERM_BP_DIRECT,GO:0019722~calcium-mediated signaling,3,2.040816327,0.063672212,"P41595, P0DP23, Q06187",144,52,18089,7.247195513,1,0.380340988,0.353899039
GOTERM_BP_DIRECT,GO:0042110~T cell activation,3,2.040816327,0.063672212,"P06241, P17181, P62942",144,52,18089,7.247195513,1,0.380340988,0.353899039
GOTERM_BP_DIRECT,GO:0007189~adenylate cyclase-activating G-protein coupled receptor signaling pathway,3,2.040816327,0.065836121,"P21728, P29274, P21918",144,53,18089,7.110455975,1,0.390671108,0.363510992
GOTERM_BP_DIRECT,GO:0048813~dendrite morphogenesis,3,2.040816327,0.065836121,"P00492, P06241, O00555",144,53,18089,7.110455975,1,0.390671108,0.363510992
GOTERM_BP_DIRECT,GO:0043068~positive regulation of programmed cell death,2,1.360544218,0.068954185,"P04629, P01375",144,9,18089,27.91512346,1,0.393586107,0.366223336
GOTERM_BP_DIRECT,GO:0086009~membrane repolarization,2,1.360544218,0.068954185,"P05023, P50993",144,9,18089,27.91512346,1,0.393586107,0.366223336
GOTERM_BP_DIRECT,GO:0090170~regulation of Golgi inheritance,2,1.360544218,0.068954185,"P36507, Q02750",144,9,18089,27.91512346,1,0.393586107,0.366223336
GOTERM_BP_DIRECT,GO:1990573~potassium ion import across plasma membrane,2,1.360544218,0.068954185,"P05023, P50993",144,9,18089,27.91512346,1,0.393586107,0.366223336
GOTERM_BP_DIRECT,GO:0090197~positive regulation of chemokine secretion,2,1.360544218,0.068954185,"P06858, P07333",144,9,18089,27.91512346,1,0.393586107,0.366223336
GOTERM_BP_DIRECT,GO:0030814~regulation of cAMP metabolic process,2,1.360544218,0.068954185,"P35462, P14416",144,9,18089,27.91512346,1,0.393586107,0.366223336
GOTERM_BP_DIRECT,GO:0021984~adenohypophysis development,2,1.360544218,0.068954185,"P14416, Q01959",144,9,18089,27.91512346,1,0.393586107,0.366223336
GOTERM_BP_DIRECT,GO:0006207~'de novo' pyrimidine nucleobase biosynthetic process,2,1.360544218,0.068954185,"P42345, P30085",144,9,18089,27.91512346,1,0.393586107,0.366223336
GOTERM_BP_DIRECT,GO:0071316~cellular response to nicotine,2,1.360544218,0.068954185,"P04629, P01375",144,9,18089,27.91512346,1,0.393586107,0.366223336
GOTERM_BP_DIRECT,GO:1903672~positive regulation of sprouting angiogenesis,2,1.360544218,0.068954185,"P09429, P09038",144,9,18089,27.91512346,1,0.393586107,0.366223336
GOTERM_BP_DIRECT,GO:0030432~peristalsis,2,1.360544218,0.068954185,"P21728, P14416",144,9,18089,27.91512346,1,0.393586107,0.366223336
GOTERM_BP_DIRECT,GO:0051353~positive regulation of oxidoreductase activity,2,1.360544218,0.068954185,"P00519, P42684",144,9,18089,27.91512346,1,0.393586107,0.366223336
GOTERM_BP_DIRECT,GO:0030155~regulation of cell adhesion,3,2.040816327,0.070236539,"P00519, P05362, P42684",144,55,18089,6.851893939,1,0.399637019,0.371853578
GOTERM_BP_DIRECT,GO:0070588~calcium ion transmembrane transport,4,2.721088435,0.071136263,"P35372, Q06432, O00555, P62942",144,121,18089,4.152662994,1,0.403479499,0.375428922
GOTERM_BP_DIRECT,GO:0043123~positive regulation of I-kappaB kinase/NF-kappaB signaling,5,3.401360544,0.072278725,"P00519, P41595, P06241, P01375, P62942",144,198,18089,3.17217312,1,0.408478696,0.380080567
GOTERM_BP_DIRECT,GO:0021762~substantia nigra development,3,2.040816327,0.072472027,"P0DP23, P00367, P09038",144,56,18089,6.72953869,1,0.408478696,0.380080567
GOTERM_BP_DIRECT,GO:0001553~luteinization,2,1.360544218,0.076318098,"P16234, P51692",144,10,18089,25.12361111,1,0.423518333,0.394074622
GOTERM_BP_DIRECT,GO:0060452~positive regulation of cardiac muscle contraction,2,1.360544218,0.076318098,"Q9BYF1, P35348",144,10,18089,25.12361111,1,0.423518333,0.394074622
GOTERM_BP_DIRECT,GO:0032825~positive regulation of natural killer cell differentiation,2,1.360544218,0.076318098,"P51692, P30530",144,10,18089,25.12361111,1,0.423518333,0.394074622
GOTERM_BP_DIRECT,GO:0086013~membrane repolarization during cardiac muscle cell action potential,2,1.360544218,0.076318098,"P05023, Q12809",144,10,18089,25.12361111,1,0.423518333,0.394074622
GOTERM_BP_DIRECT,GO:0061469~regulation of type B pancreatic cell proliferation,2,1.360544218,0.076318098,"O15392, Q92570",144,10,18089,25.12361111,1,0.423518333,0.394074622
GOTERM_BP_DIRECT,GO:0000186~activation of MAPKK activity,3,2.040816327,0.077011051,"Q9NYL2, P04629, P09038",144,58,18089,6.497485632,1,0.42474193,0.395213153
GOTERM_BP_DIRECT,GO:0006749~glutathione metabolic process,3,2.040816327,0.077011051,"P09488, P09210, P09211",144,58,18089,6.497485632,1,0.42474193,0.395213153
GOTERM_BP_DIRECT,GO:0006909~phagocytosis,3,2.040816327,0.079313604,"P29274, P04083, P30530",144,59,18089,6.387358757,1,0.436103547,0.405784891
GOTERM_BP_DIRECT,"GO:0032230~positive regulation of synaptic transmission, GABAergic",2,1.360544218,0.083624172,"P29274, P35348",144,11,18089,22.83964646,1,0.455625033,0.42394921
GOTERM_BP_DIRECT,GO:0030850~prostate gland development,2,1.360544218,0.083624172,"P04083, P10275",144,11,18089,22.83964646,1,0.455625033,0.42394921
GOTERM_BP_DIRECT,GO:0017187~peptidyl-glutamic acid carboxylation,2,1.360544218,0.083624172,"P00734, P00742",144,11,18089,22.83964646,1,0.455625033,0.42394921
GOTERM_BP_DIRECT,GO:0000082~G1/S transition of mitotic cell cycle,4,2.721088435,0.088493026,"Q00534, P11802, Q06203, P04818",144,133,18089,3.777986633,1,0.480696258,0.447277442
GOTERM_BP_DIRECT,"GO:0051967~negative regulation of synaptic transmission, glutamatergic",2,1.360544218,0.090872858,"P28223, P14416",144,12,18089,20.93634259,1,0.489189815,0.455180512
GOTERM_BP_DIRECT,GO:0035457~cellular response to interferon-alpha,2,1.360544218,0.090872858,"P17181, P30530",144,12,18089,20.93634259,1,0.489189815,0.455180512
GOTERM_BP_DIRECT,GO:0060068~vagina development,2,1.360544218,0.090872858,"P03372, P30530",144,12,18089,20.93634259,1,0.489189815,0.455180512
GOTERM_BP_DIRECT,GO:0008630~intrinsic apoptotic signaling pathway in response to DNA damage,3,2.040816327,0.093561489,"P00519, P29317, P01375",144,65,18089,5.79775641,1,0.502159871,0.467248868
GOTERM_BP_DIRECT,GO:0071560~cellular response to transforming growth factor beta stimulus,3,2.040816327,0.096003926,"P00519, P07947, P06241",144,66,18089,5.709911616,1,0.512558594,0.476924654
GOTERM_BP_DIRECT,GO:0051091~positive regulation of sequence-specific DNA binding transcription factor activity,4,2.721088435,0.096163234,"Q92731, P03372, P10721, P01375",144,138,18089,3.64110306,1,0.512558594,0.476924654
GOTERM_BP_DIRECT,GO:0043303~mast cell degranulation,2,1.360544218,0.098064603,"Q92570, P10721",144,13,18089,19.3258547,1,0.512558594,0.476924654
GOTERM_BP_DIRECT,GO:0060081~membrane hyperpolarization,2,1.360544218,0.098064603,"P13569, P05023",144,13,18089,19.3258547,1,0.512558594,0.476924654
GOTERM_BP_DIRECT,GO:0045822~negative regulation of heart contraction,2,1.360544218,0.098064603,"P05023, P50993",144,13,18089,19.3258547,1,0.512558594,0.476924654
GOTERM_BP_DIRECT,GO:0006183~GTP biosynthetic process,2,1.360544218,0.098064603,"P20839, P12268",144,13,18089,19.3258547,1,0.512558594,0.476924654
GOTERM_BP_DIRECT,GO:0033628~regulation of cell adhesion mediated by integrin,2,1.360544218,0.098064603,"P07948, P29317",144,13,18089,19.3258547,1,0.512558594,0.476924654
GOTERM_BP_DIRECT,GO:0048699~generation of neurons,2,1.360544218,0.098064603,"P10636, Q00534",144,13,18089,19.3258547,1,0.512558594,0.476924654
GOTERM_BP_DIRECT,GO:0060315~negative regulation of ryanodine-sensitive calcium-release channel activity,2,1.360544218,0.098064603,"P0DP23, P62942",144,13,18089,19.3258547,1,0.512558594,0.476924654
