Category,GO ID,GO Term,Count,%,Pvalue,Genes,List Total,Pop Hits,Pop Total,Fold Enrichment,Bonferroni,Benjamini,FDR
GOTERM:BP:DIRECT,GO:0018108,peptidyl-tyrosine phosphorylation,22,15.38461538,6.26437E-20,"P36507, P09769, P54760, P51692, P09619, P04629, Q02750, P10721, P12931, P30530, P36888, P54756, Q06187, P16234, P11274, P00519, P06241, P29317, P42684, P07333, P09038, Q9UM73",141,153,16792,17.12436842,1.06557E-16,1.06557E-16,9.91023E-17
GOTERM:BP:DIRECT,GO:0042493,response to drug,25,17.48251748,5.53735E-17,"P28223, P06239, P06858, P29274, P11802, P14416, P04818, P12931, P17405, P41595, P21728, P35462, P08183, P04083, P06241, P31645, P28335, P13637, P04629, P35348, P00519, P05362, P42574, P05023, Q01959",141,304,16792,9.793766331,9.41903E-14,4.70952E-14,4.38004E-14
GOTERM:BP:DIRECT,GO:0038083,peptidyl-tyrosine autophosphorylation,11,7.692307692,8.03004E-13,"P00519, P06239, P09769, P07947, P41240, P06241, P12931, P42684, Q08345, P42685, Q06187",141,40,16792,32.75035461,1.36594E-09,4.55304E-10,4.23451E-10
GOTERM:BP:DIRECT,GO:0007169,transmembrane receptor protein tyrosine kinase signaling pathway,14,9.79020979,1.19507E-12,"P06239, P09769, P07947, P04629, P10721, Q08345, P36888, Q06187, P41240, P06241, P42684, P42685, P07333, Q9UM73",141,96,16792,17.36761229,2.03277E-09,4.59401E-10,4.27262E-10
GOTERM:BP:DIRECT,GO:0070374,positive regulation of ERK1 and ERK2 cascade,17,11.88811189,1.35038E-12,"P09429, P28335, P36507, P28223, P09619, P14416, P04629, Q02750, P12931, P35348, P16234, P00519, P41595, P35372, P05362, P07333, P09038",141,175,16792,11.56895643,2.29697E-09,4.59401E-10,4.27262E-10
GOTERM:BP:DIRECT,GO:0001975,response to amphetamine,10,6.993006993,2.58999E-12,"P00492, P0DP23, P21728, P35462, P29274, P14416, P05362, P21918, Q05940, P21917",141,31,16792,38.41683825,4.40566E-09,7.34262E-10,6.82894E-10
GOTERM:BP:DIRECT,GO:0046777,protein autophosphorylation,15,10.48951049,1.74712E-10,"P09769, P54760, P09619, P04629, P10721, P12931, Q08345, P36888, P16234, P42345, P11274, P00519, P41240, P07333, Q9UM73",141,172,16792,10.38594755,2.97185E-07,4.2455E-08,3.94849E-08
GOTERM:BP:DIRECT,GO:0007197,adenylate cyclase-inhibiting G-protein coupled acetylcholine receptor signaling pathway,6,4.195804196,7.76975E-10,"Q9H3N8, P08912, P11229, P20309, P08172, P08173",141,7,16792,102.0790274,1.32163E-06,1.65204E-07,1.53647E-07
GOTERM:BP:DIRECT,GO:0007207,phospholipase C-activating G-protein coupled acetylcholine receptor signaling pathway,6,4.195804196,2.05805E-09,"Q9H3N8, P08912, P11229, P20309, P08172, P08173",141,8,16792,89.31914894,3.50074E-06,3.88972E-07,3.6176E-07
GOTERM:BP:DIRECT,GO:0008542,visual learning,9,6.293706294,3.17231E-09,"P25021, P42345, P21728, P35462, P13637, P14416, P35367, P10721, P50993",141,45,16792,23.81843972,5.39608E-06,5.39609E-07,5.01859E-07
GOTERM:BP:DIRECT,GO:0007200,phospholipase C-activating G-protein coupled receptor signaling pathway,10,6.993006993,3.71621E-09,"P28335, P41145, P28223, P41595, P41143, P35372, P35368, P35367, P03372, P35348",141,66,16792,18.04427251,6.32126E-06,5.74662E-07,5.34459E-07
GOTERM:BP:DIRECT,GO:0010863,positive regulation of phospholipase C activity,6,4.195804196,4.5996E-09,"P16234, P09619, P03372, P10721, P42684, P09038",141,9,16792,79.39479905,7.82389E-06,6.51993E-07,6.0638E-07
GOTERM:BP:DIRECT,GO:0042220,response to cocaine,8,5.594405594,6.81014E-09,"P42345, P35462, P35372, P14416, P21918, P17405, P50135, Q01959",141,32,16792,29.77304965,1.1584E-05,8.91081E-07,8.28742E-07
GOTERM:BP:DIRECT,GO:0007626,locomotory behavior,10,6.993006993,3.25616E-08,"P28335, P41145, P00492, P35462, P29274, O60760, P35372, P14416, Q05940, Q01959",141,84,16792,14.17764269,5.53858E-05,3.95624E-06,3.67946E-06
GOTERM:BP:DIRECT,GO:0001963,"synaptic transmission, dopaminergic",6,4.195804196,4.57358E-08,"P21728, P35462, P29274, P14416, P21918, P21917",141,13,16792,54.96563011,7.77935E-05,5.08273E-06,4.72715E-06
GOTERM:BP:DIRECT,GO:0042127,regulation of cell proliferation,13,9.090909091,4.78094E-08,"O95259, P06239, P09769, P07947, P10721, P12931, Q06187, Q9BYF1, P00519, P41240, P04083, P06241, P42684",141,185,16792,8.368640981,8.13204E-05,5.08273E-06,4.72715E-06
GOTERM:BP:DIRECT,GO:0048148,behavioral response to cocaine,6,4.195804196,7.06683E-08,"P41145, P28223, P21728, P35462, P14416, P21917",141,14,16792,51.03951368,0.0001202,7.07099E-06,6.57631E-06
GOTERM:BP:DIRECT,GO:0007165,signal transduction,30,20.97902098,7.90872E-08,"O75469, P11229, P11802, P12931, P17405, P10275, P42345, P11274, O60760, P04083, Q92731, P03372, P42684, Q15125, P07333, P09038, P06401, Q16539, P28472, P09619, Q02750, P10721, P30530, P35348, P20309, P08173, P04150, P01189, P08235, Q9UM73",141,1161,16792,3.077317793,0.000134518,7.47374E-06,6.95089E-06
GOTERM:BP:DIRECT,GO:0006614,SRP-dependent cotranslational protein targeting to membrane,10,6.993006993,8.76882E-08,"P61927, P62750, P84098, P39023, P62917, P62829, P40429, P61313, P62913, Q9UNX3",141,94,16792,12.66938283,0.000149147,7.8504E-06,7.3012E-06
GOTERM:BP:DIRECT,GO:0007187,"G-protein coupled receptor signaling pathway, coupled to cyclic nucleotide second messenger",8,5.594405594,9.82638E-08,"P34969, P25021, P41143, P21728, P08172, P35372, P04083, P50406",141,46,16792,20.71168671,0.000167133,8.35734E-06,7.77267E-06
GOTERM:BP:DIRECT,GO:0007268,chemical synaptic transmission,14,9.79020979,1.08148E-07,"P31645, P34969, P28335, P28223, O75311, P50406, Q05940, P21918, P08908, P54219, P41145, P41595, P41143, P35372",141,240,16792,6.947044917,0.000183942,8.75997E-06,8.14713E-06
GOTERM:BP:DIRECT,GO:0043552,positive regulation of phosphatidylinositol 3-kinase activity,7,4.895104895,1.87055E-07,"P16234, P09769, P09619, P10721, P12931, P36888, P09038",141,31,16792,26.89178678,0.00031813,1.44628E-05,1.3451E-05
GOTERM:BP:DIRECT,GO:0045907,positive regulation of vasoconstriction,7,4.895104895,2.2865E-07,"P25021, P00519, P28223, P35368, P35367, P05362, P35348",141,32,16792,26.05141844,0.000388858,1.69102E-05,1.57272E-05
GOTERM:BP:DIRECT,GO:0048015,phosphatidylinositol-mediated signaling,10,6.993006993,2.48799E-07,"P16234, P42345, O95259, P06239, P09619, P06241, P04629, P10721, P07333, P09038",141,106,16792,11.23511307,0.000423118,1.76336E-05,1.64E-05
GOTERM:BP:DIRECT,GO:0019083,viral transcription,10,6.993006993,3.99086E-07,"P61927, P62750, P84098, P39023, P62917, P62829, P40429, P61313, P62913, Q9UNX3",141,112,16792,10.63323202,0.000678616,2.71538E-05,2.52542E-05
GOTERM:BP:DIRECT,GO:0007271,"synaptic transmission, cholinergic",7,4.895104895,5.66845E-07,"Q9H3N8, P08912, P11229, P20309, P29274, P08172, P08173",141,37,16792,22.53095649,0.000963739,3.6054E-05,3.35317E-05
GOTERM:BP:DIRECT,GO:0043406,positive regulation of MAP kinase activity,8,5.594405594,5.72286E-07,"P28223, P41595, P41240, P09619, P10721, P12931, P36888, P09038",141,59,16792,16.14809472,0.000972985,3.6054E-05,3.35317E-05
GOTERM:BP:DIRECT,GO:0000184,"nuclear-transcribed mRNA catabolic process, nonsense-mediated decay",10,6.993006993,6.68782E-07,"P61927, P62750, P84098, P39023, P62917, P62829, P40429, P61313, P62913, Q9UNX3",141,119,16792,10.00774778,0.001136952,4.06285E-05,3.77862E-05
GOTERM:BP:DIRECT,GO:0051209,release of sequestered calcium ion into cytosol,7,4.895104895,1.06673E-06,"P28335, P28223, P06239, P41595, P14416, P09038, P62942",141,41,16792,20.33281439,0.001812865,6.25693E-05,5.8192E-05
GOTERM:BP:DIRECT,GO:0006412,translation,13,9.090909091,1.39659E-06,"P61927, P62829, P62917, Q96L21, P55769, Q9UHA3, P62750, P84098, P39023, P40429, P61313, P62913, Q9UNX3",141,253,16792,6.119361982,0.002372779,7.91866E-05,7.36468E-05
GOTERM:BP:DIRECT,GO:0042417,dopamine metabolic process,5,3.496503497,1.45965E-06,"P00492, P21728, P35462, P14416, P21917",141,11,16792,54.13281754,0.002479788,8.00925E-05,7.44893E-05
GOTERM:BP:DIRECT,GO:0007204,positive regulation of cytosolic calcium ion concentration,10,6.993006993,1.81403E-06,"P09429, Q9H3N8, P16234, P00519, P35372, P35368, P03372, P42684, P35348, O00555",141,134,16792,8.887477506,0.003080909,9.6427E-05,8.9681E-05
GOTERM:BP:DIRECT,GO:0006413,translational initiation,10,6.993006993,2.18836E-06,"P61927, P62750, P84098, P39023, P62917, P62829, P40429, P61313, P62913, Q9UNX3",141,137,16792,8.69286121,0.003715486,0.0001128,0.000104909
GOTERM:BP:DIRECT,GO:0008283,cell proliferation,15,10.48951049,2.31578E-06,"P08912, P11229, P48551, P35368, P04818, P08908, P12931, P10275, P62750, P20309, P08173, Q9NYL2, P40238, P07333, Q9UM73",141,366,16792,4.880827811,0.00393139,0.000115857,0.000107752
GOTERM:BP:DIRECT,GO:0045471,response to ethanol,9,6.293706294,2.69657E-06,"P41145, P35462, P06241, P04629, P61313, P05362, P04818, P09211, Q01959",141,105,16792,10.20790274,0.004576372,0.000131053,0.000121885
GOTERM:BP:DIRECT,GO:0045087,innate immune response,16,11.18881119,3.0826E-06,"P09429, P06239, P09769, P07947, Q9UM07, P12931, P30530, Q06187, P00519, P00748, P41240, P04083, P06241, P42684, P42685, P07333",141,430,16792,4.431337622,0.005229787,0.000139741,0.000129965
GOTERM:BP:DIRECT,GO:0060134,prepulse inhibition,5,3.496503497,3.12179E-06,"P21728, P35462, P29274, P14416, Q01959",141,13,16792,45.80469176,0.005296092,0.000139741,0.000129965
GOTERM:BP:DIRECT,GO:0007210,serotonin receptor signaling pathway,5,3.496503497,3.12179E-06,"P28335, P28223, P41595, P50406, P08908",141,13,16792,45.80469176,0.005296092,0.000139741,0.000129965
GOTERM:BP:DIRECT,GO:0046651,lymphocyte proliferation,4,2.797202797,5.60352E-06,"P00492, P20839, P36888, P12268",141,5,16792,95.27375887,0.009486335,0.0002444,0.000227302
GOTERM:BP:DIRECT,GO:0007213,G-protein coupled acetylcholine receptor signaling pathway,5,3.496503497,5.88294E-06,"P08912, P11229, P20309, P08172, P08173",141,15,16792,39.69739953,0.009957005,0.000250172,0.00023267
GOTERM:BP:DIRECT,GO:0008284,positive regulation of cell proliferation,16,11.18881119,8.13572E-06,"O15392, P28223, P11229, P09619, P11802, P10721, P08908, P10275, P36888, P16234, P41595, P35462, P00734, P08887, P07333, P09038",141,466,16792,4.089002526,0.013743594,0.000337533,0.00031392
GOTERM:BP:DIRECT,GO:0006364,rRNA processing,11,7.692307692,1.24372E-05,"P61927, P62750, P84098, P39023, P62917, P62829, P40429, P61313, P62913, P55769, Q9UNX3",141,214,16792,6.121561609,0.020933545,0.000503705,0.000468467
GOTERM:BP:DIRECT,GO:0006939,smooth muscle contraction,5,3.496503497,1.29341E-05,"P34969, P28223, P41595, P20309, P35348",141,18,16792,33.08116627,0.021760715,0.000511647,0.000475853
GOTERM:BP:DIRECT,GO:0014068,positive regulation of phosphatidylinositol 3-kinase signaling,7,4.895104895,1.66312E-05,"P16234, P09769, P00734, P09619, P06241, P10721, P36888",141,65,16792,12.82531369,0.027893501,0.000642947,0.000597967
GOTERM:BP:DIRECT,GO:0015872,dopamine transport,4,2.797202797,1.93732E-05,"P08912, P21728, Q05940, Q01959",141,7,16792,68.0526849,0.032417092,0.000732308,0.000681076
GOTERM:BP:DIRECT,GO:0000027,ribosomal large subunit assembly,5,3.496503497,2.48105E-05,"P62750, P39023, Q96L21, P62913, Q9UHA3",141,21,16792,28.35528538,0.041324975,0.000917448,0.000853264
GOTERM:BP:DIRECT,GO:0015844,monoamine transport,4,2.797202797,3.08077E-05,"P31645, Q05940, P54219, Q01959",141,8,16792,59.54609929,0.051055288,0.001091749,0.001015371
GOTERM:BP:DIRECT,GO:0050966,detection of mechanical stimulus involved in sensory perception of pain,4,2.797202797,3.08077E-05,"P28223, P06241, P04629, P35498",141,8,16792,59.54609929,0.051055288,0.001091749,0.001015371
GOTERM:BP:DIRECT,GO:0006367,transcription initiation from RNA polymerase II promoter,9,6.293706294,4.08233E-05,"O75469, P62508, Q92570, Q92731, P04150, P03372, P10275, P08235, P06401",141,152,16792,7.051511758,0.067085663,0.001417153,0.00131801
GOTERM:BP:DIRECT,GO:0031100,organ regeneration,6,4.195804196,4.34063E-05,"P11802, Q92570, Q06203, P09211, P30530, P36888",141,47,16792,15.20325939,0.071175729,0.001476682,0.001373375
GOTERM:BP:DIRECT,GO:0071222,cellular response to lipopolysaccharide,8,5.594405594,4.45809E-05,"Q16539, P41145, P00519, P05362, P45983, P09211, P12931, P30530",141,113,16792,8.431306094,0.073029805,0.001486905,0.001382883
GOTERM:BP:DIRECT,GO:0042060,wound healing,7,4.895104895,5.4621E-05,"P16234, P42345, P09619, P35372, P21918, P42574, P09038",141,80,16792,10.42056738,0.088727017,0.001786735,0.001661737
GOTERM:BP:DIRECT,GO:0043410,positive regulation of MAPK cascade,7,4.895104895,5.859E-05,"P09429, P35368, P10721, P08887, P10275, P36888, P35348",141,81,16792,10.2919184,0.094858913,0.001880406,0.001748855
GOTERM:BP:DIRECT,GO:0050731,positive regulation of peptidyl-tyrosine phosphorylation,7,4.895104895,6.27862E-05,"P42345, P00519, P28223, P07947, P05362, P12931, P08887",141,82,16792,10.1664072,0.101296979,0.001946081,0.001809935
GOTERM:BP:DIRECT,GO:0042053,regulation of dopamine metabolic process,4,2.797202797,6.52126E-05,"P21728, P08908, P21917, Q01959",141,10,16792,47.63687943,0.104998788,0.001946081,0.001809935
GOTERM:BP:DIRECT,GO:0071383,cellular response to steroid hormone stimulus,4,2.797202797,6.52126E-05,"P13637, P04150, P05023, P50993",141,10,16792,47.63687943,0.104998788,0.001946081,0.001809935
GOTERM:BP:DIRECT,GO:0043114,regulation of vascular permeability,4,2.797202797,6.52126E-05,"P11274, P07947, P35367, P12931",141,10,16792,47.63687943,0.104998788,0.001946081,0.001809935
GOTERM:BP:DIRECT,GO:0009636,response to toxic substance,7,4.895104895,7.68337E-05,"P31645, P09619, P11802, P14416, Q05940, P04818, P09211",141,85,16792,9.807592824,0.122518216,0.002253346,0.002095704
GOTERM:BP:DIRECT,GO:0048013,ephrin receptor signaling pathway,7,4.895104895,8.20355E-05,"P07947, P54760, P06241, P04629, P12931, P29317, P54756",141,86,16792,9.693551047,0.130248831,0.002365125,0.002199664
GOTERM:BP:DIRECT,GO:0048146,positive regulation of fibroblast proliferation,6,4.195804196,8.54028E-05,"P16234, P00519, Q00534, P09619, P11802, P03372",141,54,16792,13.23246651,0.135216675,0.002421168,0.002251786
GOTERM:BP:DIRECT,GO:0043401,steroid hormone mediated signaling pathway,6,4.195804196,0.00011083,"O75469, P62508, Q92570, P03372, P08235, P06401",141,57,16792,12.5360209,0.171826761,0.003058403,0.002844441
GOTERM:BP:DIRECT,GO:0032355,response to estradiol,7,4.895104895,0.000112413,"P31645, P51692, P09619, P04083, P03372, P09211, P42574",141,91,16792,9.160938352,0.17405356,0.003058403,0.002844441
GOTERM:BP:DIRECT,GO:0006468,protein phosphorylation,14,9.79020979,0.000115391,"O15392, P06239, P09769, P11802, P04629, Q06187, P42345, P11274, P41240, Q00534, P06241, Q9NYL2, P45983, P42685",141,456,16792,3.65633943,0.178227498,0.003058403,0.002844441
GOTERM:BP:DIRECT,GO:0007191,adenylate cyclase-activating dopamine receptor signaling pathway,4,2.797202797,0.000118101,"P21728, P35462, P35372, P21918",141,12,16792,39.69739953,0.182007774,0.003058403,0.002844441
GOTERM:BP:DIRECT,GO:0043524,negative regulation of neuron apoptotic process,8,5.594405594,0.000119316,"O15392, P29274, P28472, Q92570, P06241, P04629, P30530, O00555",141,132,16792,7.217709005,0.183695957,0.003058403,0.002844441
GOTERM:BP:DIRECT,GO:0008285,negative regulation of cell proliferation,13,9.090909091,0.000120891,"P29274, P14416, P04629, Q02750, Q08345, P10275, P35348, P41240, Q00534, P35372, P42685, P07333, P09038",141,396,16792,3.909592378,0.185880077,0.003058403,0.002844441
GOTERM:BP:DIRECT,GO:0043200,response to amino acid,5,3.496503497,0.000122264,"P42345, O75311, P05362, P09211, P42574",141,31,16792,19.20841913,0.18778006,0.003058403,0.002844441
GOTERM:BP:DIRECT,GO:0007628,adult walking behavior,5,3.496503497,0.000122264,"P21728, P10636, P14416, P35498, O00555",141,31,16792,19.20841913,0.18778006,0.003058403,0.002844441
GOTERM:BP:DIRECT,GO:0006874,cellular calcium ion homeostasis,7,4.895104895,0.000126811,"P28335, P28223, P41595, P35462, P14416, P21918, P21917",141,93,16792,8.963928925,0.194038763,0.003126173,0.00290747
GOTERM:BP:DIRECT,GO:0050709,negative regulation of protein secretion,4,2.797202797,0.000152595,"P35462, P04083, P14416, P21917",141,13,16792,36.64375341,0.228627988,0.003708067,0.003448655
GOTERM:BP:DIRECT,GO:0007613,memory,6,4.195804196,0.000165666,"P31645, P25021, P28223, P21728, P13637, P35367",141,62,16792,11.52505148,0.245591639,0.003968988,0.003691322
GOTERM:BP:DIRECT,GO:0071902,positive regulation of protein serine/threonine kinase activity,5,3.496503497,0.000198267,"P36507, P0DP23, Q02750, P12931, P07333",141,35,16792,17.01317123,0.286294778,0.004670269,0.004343543
GOTERM:BP:DIRECT,GO:0034776,response to histamine,3,2.097902098,0.00020592,"P35462, P14416, P21917",141,3,16792,119.0921986,0.295527694,0.004670269,0.004343543
GOTERM:BP:DIRECT,GO:0006837,serotonin transport,3,2.097902098,0.00020592,"P31645, Q05940, P54219",141,3,16792,119.0921986,0.295527694,0.004670269,0.004343543
GOTERM:BP:DIRECT,GO:1903416,response to glycoside,3,2.097902098,0.00020592,"P13637, P05023, P50993",141,3,16792,119.0921986,0.295527694,0.004670269,0.004343543
GOTERM:BP:DIRECT,GO:0000187,activation of MAPK activity,7,4.895104895,0.000273359,"Q16539, P36507, Q02750, P21917, P10721, P09038, Q9UM73",141,107,16792,7.791078412,0.37189486,0.006118212,0.005690189
GOTERM:BP:DIRECT,GO:0042310,vasoconstriction,4,2.797202797,0.00035405,"P31645, P34969, P41595, P08908",141,17,16792,28.02169378,0.452474466,0.007821293,0.007274124
GOTERM:BP:DIRECT,GO:0010513,positive regulation of phosphatidylinositol biosynthetic process,3,2.097902098,0.000409585,"P28335, P28223, P41595",141,4,16792,89.31914894,0.501846489,0.008819041,0.008202071
GOTERM:BP:DIRECT,GO:0001994,norepinephrine-epinephrine vasoconstriction involved in regulation of systemic arterial blood pressure,3,2.097902098,0.000409585,"P35368, P21918, P35348",141,4,16792,89.31914894,0.501846489,0.008819041,0.008202071
GOTERM:BP:DIRECT,GO:2000249,regulation of actin cytoskeleton reorganization,4,2.797202797,0.000422274,"P16234, P00519, P42684, P07333",141,18,16792,26.46493302,0.512487324,0.008867744,0.008247367
GOTERM:BP:DIRECT,GO:0036120,cellular response to platelet-derived growth factor stimulus,4,2.797202797,0.000422274,"P07947, P09619, P06241, P12931",141,18,16792,26.46493302,0.512487324,0.008867744,0.008247367
GOTERM:BP:DIRECT,GO:0014066,regulation of phosphatidylinositol 3-kinase signaling,6,4.195804196,0.000485856,"P16234, P06239, P09619, P06241, P10721, P09038",141,78,16792,9.160938352,0.562484045,0.009957124,0.009260535
GOTERM:BP:DIRECT,GO:0031295,T cell costimulation,6,4.195804196,0.000485856,"P42345, P06239, P07947, P41240, P06241, P12931",141,78,16792,9.160938352,0.562484045,0.009957124,0.009260535
GOTERM:BP:DIRECT,GO:0060048,cardiac muscle contraction,5,3.496503497,0.000528952,"P42345, P13637, P05023, Q12809, P50993",141,45,16792,13.23246651,0.593424132,0.01071127,0.009961922
GOTERM:BP:DIRECT,GO:0050900,leukocyte migration,7,4.895104895,0.000552205,"P06239, P07947, P62937, P00734, P06241, P05362, P12931",141,122,16792,6.833158935,0.609200544,0.011050604,0.010277516
GOTERM:BP:DIRECT,GO:0019229,regulation of vasoconstriction,4,2.797202797,0.000582783,"Q9BYF1, P35367, P50993, P35348",141,20,16792,23.81843972,0.629018418,0.011394413,0.010597273
GOTERM:BP:DIRECT,GO:0019226,transmission of nerve impulse,4,2.797202797,0.000582783,"P08912, P21728, P21918, O00555",141,20,16792,23.81843972,0.629018418,0.011394413,0.010597273
GOTERM:BP:DIRECT,GO:0007193,adenylate cyclase-inhibiting G-protein coupled receptor signaling pathway,5,3.496503497,0.000625116,"P28335, P41145, P28223, P41595, P41143",141,47,16792,12.66938283,0.654808258,0.012083213,0.011237885
GOTERM:BP:DIRECT,GO:0046883,regulation of hormone secretion,3,2.097902098,0.000678906,"P28223, P04083, P08908",141,5,16792,71.45531915,0.685009117,0.012690323,0.011802523
GOTERM:BP:DIRECT,GO:0007195,adenylate cyclase-inhibiting dopamine receptor signaling pathway,3,2.097902098,0.000678906,"P35462, P14416, P21917",141,5,16792,71.45531915,0.685009117,0.012690323,0.011802523
GOTERM:BP:DIRECT,GO:0051584,regulation of dopamine uptake involved in synaptic transmission,3,2.097902098,0.000678906,"P21728, P35462, P14416",141,5,16792,71.45531915,0.685009117,0.012690323,0.011802523
GOTERM:BP:DIRECT,GO:1901687,glutathione derivative biosynthetic process,4,2.797202797,0.000777723,"O60760, P09488, P09210, P09211",141,22,16792,21.65312701,0.733777238,0.014379426,0.013373458
GOTERM:BP:DIRECT,GO:0007194,negative regulation of adenylate cyclase activity,4,2.797202797,0.000888946,"P35462, P35372, P14416, P21917",141,23,16792,20.71168671,0.779701151,0.016086146,0.014960778
GOTERM:BP:DIRECT,GO:0043278,response to morphine,4,2.797202797,0.000888946,"P42345, P41145, P35462, P14416",141,23,16792,20.71168671,0.779701151,0.016086146,0.014960778
GOTERM:BP:DIRECT,GO:0050482,arachidonic acid secretion,4,2.797202797,0.001009767,"P35462, P04083, P14416, P21917",141,24,16792,19.84869976,0.820661719,0.018080144,0.016815278
GOTERM:BP:DIRECT,GO:0008360,regulation of cell shape,7,4.895104895,0.0011345,"P09769, P00734, P04083, P06241, P05362, P10721, P07333",141,140,16792,5.954609929,0.854979414,0.019920002,0.018526422
GOTERM:BP:DIRECT,GO:0046854,phosphatidylinositol phosphorylation,6,4.195804196,0.001135944,"P16234, P06239, P09619, P06241, P10721, P09038",141,94,16792,7.601629697,0.85533557,0.019920002,0.018526422
GOTERM:BP:DIRECT,GO:0016049,cell growth,5,3.496503497,0.001214857,"P42345, P04818, P10275, P35348, O00555",141,56,16792,10.63323202,0.873527303,0.021086455,0.019611271
GOTERM:BP:DIRECT,GO:0042755,eating behavior,4,2.797202797,0.001281428,"P41145, P41143, P29274, P35372",141,26,16792,18.3218767,0.887083594,0.02201727,0.020476967
GOTERM:BP:DIRECT,GO:0035726,common myeloid progenitor cell proliferation,3,2.097902098,0.001410157,"Q92570, P09211, P36888",141,7,16792,51.03951368,0.909315554,0.023749273,0.022087801
GOTERM:BP:DIRECT,GO:0071870,cellular response to catecholamine stimulus,3,2.097902098,0.001410157,"P21728, Q92570, P21918",141,7,16792,51.03951368,0.909315554,0.023749273,0.022087801
GOTERM:BP:DIRECT,GO:0030097,hemopoiesis,5,3.496503497,0.001476665,"P06239, P10721, Q15125, P07333, P36888",141,59,16792,10.0925592,0.919028971,0.024625563,0.022902787
GOTERM:BP:DIRECT,GO:0048661,positive regulation of smooth muscle cell proliferation,5,3.496503497,0.00157202,"P42345, P09619, Q92570, P08887, P09038",141,60,16792,9.924349882,0.931169607,0.025961222,0.024145005
GOTERM:BP:DIRECT,GO:0009314,response to radiation,4,2.797202797,0.001595068,"P41145, P35372, Q9NYL2, P04629",141,28,16792,17.01317123,0.933820022,0.025978374,0.024160957
GOTERM:BP:DIRECT,GO:0010628,positive regulation of gene expression,9,6.293706294,0.001603603,"P31645, Q16539, P42345, O75469, Q00534, P45983, Q02750, P10721, P10275",141,262,16792,4.090953386,0.934775407,0.025978374,0.024160957
GOTERM:BP:DIRECT,GO:0001662,behavioral fear response,4,2.797202797,0.001768327,"P28335, P21728, P08908, P21917",141,29,16792,16.42651015,0.95073726,0.028111445,0.026144801
GOTERM:BP:DIRECT,GO:0048008,platelet-derived growth factor receptor signaling pathway,4,2.797202797,0.001768327,"P16234, P11274, P09619, P12931",141,29,16792,16.42651015,0.95073726,0.028111445,0.026144801
GOTERM:BP:DIRECT,GO:0006464,cellular protein modification process,6,4.195804196,0.001857836,"P00519, Q9UM07, P07947, P11229, P20309, P42684",141,105,16792,6.80526849,0.957706312,0.028655563,0.026650853
GOTERM:BP:DIRECT,GO:0060080,inhibitory postsynaptic potential,3,2.097902098,0.00186994,"P29274, P28472, P21917",141,8,16792,44.65957447,0.958569796,0.028655563,0.026650853
GOTERM:BP:DIRECT,GO:0032872,regulation of stress-activated MAPK cascade,3,2.097902098,0.00186994,"P36507, Q02750, P09211",141,8,16792,44.65957447,0.958569796,0.028655563,0.026650853
GOTERM:BP:DIRECT,GO:2000641,regulation of early endosome to late endosome transport,3,2.097902098,0.00186994,"P36507, Q02750, P12931",141,8,16792,44.65957447,0.958569796,0.028655563,0.026650853
GOTERM:BP:DIRECT,GO:2000379,positive regulation of reactive oxygen species metabolic process,4,2.797202797,0.001952899,"Q9BYF1, Q16539, P00734, P09619",141,30,16792,15.87895981,0.964032142,0.029659658,0.027584703
GOTERM:BP:DIRECT,GO:0009615,response to virus,6,4.195804196,0.002278207,"P09769, P08172, Q00534, P48551, P12931, P17181",141,110,16792,6.495938104,0.979341958,0.034294067,0.031894894
GOTERM:BP:DIRECT,GO:0003007,heart morphogenesis,4,2.797202797,0.002356991,"P42345, P41595, P54760, P62942",141,32,16792,14.88652482,0.981938535,0.035062384,0.03260946
GOTERM:BP:DIRECT,GO:0010579,positive regulation of adenylate cyclase activity involved in G-protein coupled receptor signaling pathway,3,2.097902098,0.002391086,"P21728, P29274, P21918",141,9,16792,39.69739953,0.982958553,0.035062384,0.03260946
GOTERM:BP:DIRECT,GO:0050795,regulation of behavior,3,2.097902098,0.002391086,"P28223, P41595, P08908",141,9,16792,39.69739953,0.982958553,0.035062384,0.03260946
GOTERM:BP:DIRECT,GO:0036376,sodium ion export from cell,3,2.097902098,0.002972554,"P13637, P05023, P50993",141,10,16792,35.72765957,0.993678786,0.042490034,0.03951748
GOTERM:BP:DIRECT,GO:0060158,phospholipase C-activating dopamine receptor signaling pathway,3,2.097902098,0.002972554,"P21728, P14416, P21918",141,10,16792,35.72765957,0.993678786,0.042490034,0.03951748
GOTERM:BP:DIRECT,GO:0051481,negative regulation of cytosolic calcium ion concentration,3,2.097902098,0.002972554,"P35372, P14416, P50993",141,10,16792,35.72765957,0.993678786,0.042490034,0.03951748
GOTERM:BP:DIRECT,GO:0016477,cell migration,7,4.895104895,0.003207902,"P00519, P09769, P41240, P09619, P06241, P29317, P42684",141,172,16792,4.846775524,0.9957694,0.045472004,0.042290835
GOTERM:BP:DIRECT,GO:0007417,central nervous system development,6,4.195804196,0.003320647,"P41240, P29274, P06241, P09211, P12931, Q03393",141,120,16792,5.954609929,0.996509884,0.046681167,0.043415407
GOTERM:BP:DIRECT,GO:0007623,circadian rhythm,5,3.496503497,0.0035594,"P31645, P34969, P11802, P04629, P04818",141,75,16792,7.939479905,0.997678034,0.048779778,0.045367201
GOTERM:BP:DIRECT,GO:0035094,response to nicotine,4,2.797202797,0.003581966,"P14416, P42574, P50993, Q01959",141,37,16792,12.87483228,0.997765779,0.048779778,0.045367201
GOTERM:BP:DIRECT,GO:0021756,striatum development,3,2.097902098,0.003613317,"P00492, P21728, P14416",141,11,16792,32.47969052,0.997882212,0.048779778,0.045367201
GOTERM:BP:DIRECT,GO:0048149,behavioral response to ethanol,3,2.097902098,0.003613317,"P35372, P14416, P21917",141,11,16792,32.47969052,0.997882212,0.048779778,0.045367201
GOTERM:BP:DIRECT,GO:0046488,phosphatidylinositol metabolic process,3,2.097902098,0.003613317,"P09619, P14416, P07333",141,11,16792,32.47969052,0.997882212,0.048779778,0.045367201
,,,,,,,,,,,,,
Note: filtered FDR values less than 0.005,,,,,,,,,,,,,
